class_name,method_name,code_lines 
AbstractBagDecorator,add,3
AbstractBagDecorator,decorated,3
AbstractBagDecorator,equals,3
AbstractBagDecorator,getCount,3
AbstractBagDecorator,hashCode,3
AbstractBagDecorator,remove,3
AbstractBagDecorator,uniqueSet,3
BagIterator,hasNext,3
BagIterator,next,12
BagIterator,remove,16
MutableInteger,equals,6
MutableInteger,hashCode,3
AbstractMapBag,add,3
AbstractMapBag,add,14
AbstractMapBag,addAll,9
AbstractMapBag,clear,5
AbstractMapBag,contains,3
AbstractMapBag,containsAll,6
AbstractMapBag,containsAll,10
AbstractMapBag,doReadObject,12
AbstractMapBag,doWriteObject,7
AbstractMapBag,equals,18
AbstractMapBag,getCount,7
AbstractMapBag,getMap,3
AbstractMapBag,hashCode,9
AbstractMapBag,isEmpty,3
AbstractMapBag,iterator,3
AbstractMapBag,remove,10
AbstractMapBag,remove,18
AbstractMapBag,removeAll,11
AbstractMapBag,retainAll,6
AbstractMapBag,retainAll,19
AbstractMapBag,size,3
AbstractMapBag,toArray,12
AbstractMapBag,toArray,24
AbstractMapBag,toString,20
AbstractMapBag,uniqueSet,6
AbstractSortedBagDecorator,comparator,3
AbstractSortedBagDecorator,decorated,3
AbstractSortedBagDecorator,first,3
AbstractSortedBagDecorator,last,3
CollectionBag,add,3
CollectionBag,add,4
CollectionBag,addAll,9
CollectionBag,collectionBag,3
CollectionBag,containsAll,9
CollectionBag,readObject,4
CollectionBag,remove,3
CollectionBag,removeAll,14
CollectionBag,retainAll,15
CollectionBag,writeObject,4
CollectionSortedBag,add,3
CollectionSortedBag,add,4
CollectionSortedBag,addAll,9
CollectionSortedBag,collectionSortedBag,3
CollectionSortedBag,containsAll,9
CollectionSortedBag,readObject,4
CollectionSortedBag,remove,3
CollectionSortedBag,removeAll,14
CollectionSortedBag,retainAll,15
CollectionSortedBag,writeObject,4
HashBag,readObject,4
HashBag,writeObject,4
PredicatedBag,add,4
PredicatedBag,decorated,3
PredicatedBag,equals,3
PredicatedBag,getCount,3
PredicatedBag,hashCode,3
PredicatedBag,predicatedBag,3
PredicatedBag,remove,3
PredicatedBag,uniqueSet,3
PredicatedSortedBag,comparator,3
PredicatedSortedBag,decorated,3
PredicatedSortedBag,first,3
PredicatedSortedBag,last,3
PredicatedSortedBag,predicatedSortedBag,4
SynchronizedBag,add,5
SynchronizedBag,equals,8
SynchronizedBag,getBag,3
SynchronizedBag,getCount,5
SynchronizedBag,hashCode,5
SynchronizedBag,remove,5
SynchronizedBag,synchronizedBag,3
SynchronizedBag,uniqueSet,6
SynchronizedSortedBag,comparator,5
SynchronizedSortedBag,first,5
SynchronizedSortedBag,getSortedBag,3
SynchronizedSortedBag,last,5
SynchronizedSortedBag,synchronizedSortedBag,3
TransformedBag,add,3
TransformedBag,equals,3
TransformedBag,getBag,3
TransformedBag,getCount,3
TransformedBag,hashCode,3
TransformedBag,remove,3
TransformedBag,transformedBag,12
TransformedBag,transformingBag,3
TransformedBag,uniqueSet,4
TransformedSortedBag,comparator,3
TransformedSortedBag,first,3
TransformedSortedBag,getSortedBag,3
TransformedSortedBag,last,3
TransformedSortedBag,transformedSortedBag,14
TransformedSortedBag,transformingSortedBag,4
TreeBag,add,10
TreeBag,comparator,3
TreeBag,first,3
TreeBag,getMap,3
TreeBag,last,3
TreeBag,readObject,6
TreeBag,writeObject,5
UnmodifiableBag,add,3
UnmodifiableBag,add,3
UnmodifiableBag,addAll,3
UnmodifiableBag,clear,3
UnmodifiableBag,iterator,3
UnmodifiableBag,readObject,4
UnmodifiableBag,remove,3
UnmodifiableBag,remove,3
UnmodifiableBag,removeAll,3
UnmodifiableBag,removeIf,3
UnmodifiableBag,retainAll,3
UnmodifiableBag,uniqueSet,4
UnmodifiableBag,unmodifiableBag,8
UnmodifiableBag,writeObject,4
UnmodifiableSortedBag,add,3
UnmodifiableSortedBag,add,3
UnmodifiableSortedBag,addAll,3
UnmodifiableSortedBag,clear,3
UnmodifiableSortedBag,iterator,3
UnmodifiableSortedBag,readObject,4
UnmodifiableSortedBag,remove,3
UnmodifiableSortedBag,remove,3
UnmodifiableSortedBag,removeAll,3
UnmodifiableSortedBag,removeIf,3
UnmodifiableSortedBag,retainAll,3
UnmodifiableSortedBag,uniqueSet,4
UnmodifiableSortedBag,unmodifiableSortedBag,6
UnmodifiableSortedBag,writeObject,4
AbstractBidiMapDecorator,decorated,3
AbstractBidiMapDecorator,getKey,3
AbstractBidiMapDecorator,inverseBidiMap,3
AbstractBidiMapDecorator,mapIterator,3
AbstractBidiMapDecorator,removeValue,3
AbstractBidiMapDecorator,values,3
View,clear,3
View,equals,3
View,hashCode,3
View,removeAll,11
View,removeIf,16
View,retainAll,18
KeySet,contains,3
KeySet,iterator,3
KeySet,remove,8
KeySetIterator,next,5
KeySetIterator,remove,10
Values,contains,3
Values,iterator,3
Values,remove,8
ValuesIterator,next,5
ValuesIterator,remove,9
EntrySet,iterator,3
EntrySet,remove,16
EntrySetIterator,next,5
EntrySetIterator,remove,11
MapEntry,setValue,10
BidiMapIterator,getKey,7
BidiMapIterator,getValue,7
BidiMapIterator,hasNext,3
BidiMapIterator,next,5
BidiMapIterator,remove,11
BidiMapIterator,reset,5
BidiMapIterator,setValue,12
BidiMapIterator,toString,6
AbstractDualBidiMap,clear,4
AbstractDualBidiMap,containsKey,3
AbstractDualBidiMap,containsValue,3
AbstractDualBidiMap,createEntrySetIterator,3
AbstractDualBidiMap,createKeySetIterator,3
AbstractDualBidiMap,createValuesIterator,3
AbstractDualBidiMap,entrySet,6
AbstractDualBidiMap,equals,3
AbstractDualBidiMap,get,3
AbstractDualBidiMap,getKey,3
AbstractDualBidiMap,hashCode,3
AbstractDualBidiMap,inverseBidiMap,6
AbstractDualBidiMap,isEmpty,3
AbstractDualBidiMap,keySet,6
AbstractDualBidiMap,mapIterator,3
AbstractDualBidiMap,put,11
AbstractDualBidiMap,putAll,5
AbstractDualBidiMap,remove,8
AbstractDualBidiMap,removeValue,8
AbstractDualBidiMap,size,3
AbstractDualBidiMap,toString,3
AbstractDualBidiMap,values,6
AbstractOrderedBidiMapDecorator,decorated,3
AbstractOrderedBidiMapDecorator,firstKey,3
AbstractOrderedBidiMapDecorator,inverseBidiMap,3
AbstractOrderedBidiMapDecorator,lastKey,3
AbstractOrderedBidiMapDecorator,mapIterator,3
AbstractOrderedBidiMapDecorator,nextKey,3
AbstractOrderedBidiMapDecorator,previousKey,3
AbstractSortedBidiMapDecorator,comparator,3
AbstractSortedBidiMapDecorator,decorated,3
AbstractSortedBidiMapDecorator,headMap,3
AbstractSortedBidiMapDecorator,inverseBidiMap,3
AbstractSortedBidiMapDecorator,subMap,3
AbstractSortedBidiMapDecorator,tailMap,3
AbstractSortedBidiMapDecorator,valueComparator,3
DualHashBidiMap,createBidiMap,4
DualHashBidiMap,readObject,8
DualHashBidiMap,writeObject,4
DualLinkedHashBidiMap,createBidiMap,4
DualLinkedHashBidiMap,readObject,8
DualLinkedHashBidiMap,writeObject,4
ViewMap,clear,7
ViewMap,containsValue,4
ViewMap,decorated,3
ViewMap,headMap,3
ViewMap,nextKey,3
ViewMap,previousKey,3
ViewMap,subMap,3
ViewMap,tailMap,3
BidiOrderedMapIterator,getKey,7
BidiOrderedMapIterator,getValue,7
BidiOrderedMapIterator,hasNext,3
BidiOrderedMapIterator,hasPrevious,3
BidiOrderedMapIterator,next,4
BidiOrderedMapIterator,previous,4
BidiOrderedMapIterator,remove,5
BidiOrderedMapIterator,reset,4
BidiOrderedMapIterator,setValue,16
BidiOrderedMapIterator,toString,6
DualTreeBidiMap,comparator,3
DualTreeBidiMap,createBidiMap,4
DualTreeBidiMap,firstKey,3
DualTreeBidiMap,headMap,4
DualTreeBidiMap,inverseBidiMap,3
DualTreeBidiMap,inverseOrderedBidiMap,3
DualTreeBidiMap,inverseSortedBidiMap,3
DualTreeBidiMap,lastKey,3
DualTreeBidiMap,mapIterator,3
DualTreeBidiMap,nextKey,15
DualTreeBidiMap,previousKey,14
DualTreeBidiMap,readObject,8
DualTreeBidiMap,subMap,4
DualTreeBidiMap,tailMap,4
DualTreeBidiMap,valueComparator,3
DualTreeBidiMap,writeObject,4
DataElement,toString,3
View,clear,3
View,size,3
KeyView,contains,4
KeyView,iterator,3
KeyView,remove,3
ValueView,contains,4
ValueView,iterator,3
ValueView,remove,3
EntryView,contains,9
EntryView,iterator,3
EntryView,remove,13
InverseEntryView,contains,9
InverseEntryView,iterator,3
InverseEntryView,remove,13
ViewIterator,hasNext,3
ViewIterator,hasPrevious,3
ViewIterator,navigateNext,12
ViewIterator,navigatePrevious,15
ViewIterator,remove,16
ViewMapIterator,getKey,7
ViewMapIterator,getValue,7
ViewMapIterator,next,3
ViewMapIterator,previous,3
ViewMapIterator,setValue,3
InverseViewMapIterator,getKey,7
InverseViewMapIterator,getValue,7
InverseViewMapIterator,next,3
InverseViewMapIterator,previous,3
InverseViewMapIterator,setValue,3
ViewMapEntryIterator,next,3
ViewMapEntryIterator,previous,3
InverseViewMapEntryIterator,createEntry,3
InverseViewMapEntryIterator,next,3
InverseViewMapEntryIterator,previous,3
Node,copyColor,3
Node,equals,10
Node,getData,10
Node,getKey,3
Node,getLeft,3
Node,getParent,3
Node,getRight,3
Node,getValue,3
Node,hashCode,7
Node,isBlack,3
Node,isLeftChild,4
Node,isRed,3
Node,isRightChild,4
Node,setBlack,3
Node,setLeft,3
Node,setParent,3
Node,setRed,3
Node,setRight,3
Node,setValue,3
Node,swapColors,6
Inverse,clear,3
Inverse,containsKey,3
Inverse,containsValue,3
Inverse,entrySet,6
Inverse,equals,3
Inverse,firstKey,6
Inverse,get,3
Inverse,getKey,3
Inverse,hashCode,3
Inverse,inverseBidiMap,3
Inverse,isEmpty,3
Inverse,keySet,6
Inverse,lastKey,6
Inverse,mapIterator,6
Inverse,nextKey,5
Inverse,previousKey,5
Inverse,put,5
Inverse,putAll,5
Inverse,remove,3
Inverse,removeValue,3
Inverse,size,3
Inverse,toString,3
Inverse,values,6
TreeBidiMap,checkKey,3
TreeBidiMap,checkKeyAndValue,4
TreeBidiMap,checkNonNullComparable,8
TreeBidiMap,checkValue,3
TreeBidiMap,clear,7
TreeBidiMap,compare,3
TreeBidiMap,containsKey,4
TreeBidiMap,containsValue,4
TreeBidiMap,copyColor,10
TreeBidiMap,doEquals,29
TreeBidiMap,doHashCode,11
TreeBidiMap,doPut,55
TreeBidiMap,doRedBlackDelete,57
TreeBidiMap,doRedBlackDeleteFixup,73
TreeBidiMap,doRedBlackInsert,62
TreeBidiMap,doRemoveKey,8
TreeBidiMap,doRemoveValue,8
TreeBidiMap,doToString,24
TreeBidiMap,entrySet,6
TreeBidiMap,equals,3
TreeBidiMap,firstKey,6
TreeBidiMap,get,5
TreeBidiMap,getGrandParent,3
TreeBidiMap,getKey,5
TreeBidiMap,getLeftChild,3
TreeBidiMap,getMapIterator,10
TreeBidiMap,getParent,3
TreeBidiMap,getRightChild,3
TreeBidiMap,greatestNode,9
TreeBidiMap,grow,4
TreeBidiMap,hashCode,3
TreeBidiMap,insertValue,32
TreeBidiMap,inverseBidiMap,6
TreeBidiMap,isBlack,3
TreeBidiMap,isEmpty,3
TreeBidiMap,isRed,3
TreeBidiMap,keySet,6
TreeBidiMap,lastKey,6
TreeBidiMap,leastNode,9
TreeBidiMap,lookup,15
TreeBidiMap,lookupKey,3
TreeBidiMap,lookupValue,3
TreeBidiMap,makeBlack,5
TreeBidiMap,makeRed,5
TreeBidiMap,mapIterator,6
TreeBidiMap,modify,3
TreeBidiMap,nextGreater,26
TreeBidiMap,nextKey,5
TreeBidiMap,nextSmaller,26
TreeBidiMap,previousKey,5
TreeBidiMap,put,5
TreeBidiMap,putAll,5
TreeBidiMap,readObject,10
TreeBidiMap,remove,3
TreeBidiMap,removeValue,3
TreeBidiMap,rotateLeft,21
TreeBidiMap,rotateRight,20
TreeBidiMap,shrink,4
TreeBidiMap,size,3
TreeBidiMap,swapPosition,90
TreeBidiMap,toString,3
TreeBidiMap,values,6
TreeBidiMap,writeObject,8
UnmodifiableBidiMap,clear,3
UnmodifiableBidiMap,entrySet,4
UnmodifiableBidiMap,inverseBidiMap,7
UnmodifiableBidiMap,keySet,4
UnmodifiableBidiMap,mapIterator,4
UnmodifiableBidiMap,put,3
UnmodifiableBidiMap,putAll,3
UnmodifiableBidiMap,remove,3
UnmodifiableBidiMap,removeValue,3
UnmodifiableBidiMap,unmodifiableBidiMap,8
UnmodifiableBidiMap,values,4
UnmodifiableOrderedBidiMap,clear,3
UnmodifiableOrderedBidiMap,entrySet,4
UnmodifiableOrderedBidiMap,inverseBidiMap,3
UnmodifiableOrderedBidiMap,inverseOrderedBidiMap,7
UnmodifiableOrderedBidiMap,keySet,4
UnmodifiableOrderedBidiMap,mapIterator,4
UnmodifiableOrderedBidiMap,put,3
UnmodifiableOrderedBidiMap,putAll,3
UnmodifiableOrderedBidiMap,remove,3
UnmodifiableOrderedBidiMap,removeValue,3
UnmodifiableOrderedBidiMap,unmodifiableOrderedBidiMap,9
UnmodifiableOrderedBidiMap,values,4
UnmodifiableSortedBidiMap,clear,3
UnmodifiableSortedBidiMap,entrySet,4
UnmodifiableSortedBidiMap,headMap,4
UnmodifiableSortedBidiMap,inverseBidiMap,7
UnmodifiableSortedBidiMap,keySet,4
UnmodifiableSortedBidiMap,mapIterator,4
UnmodifiableSortedBidiMap,put,3
UnmodifiableSortedBidiMap,putAll,3
UnmodifiableSortedBidiMap,remove,3
UnmodifiableSortedBidiMap,removeValue,3
UnmodifiableSortedBidiMap,subMap,4
UnmodifiableSortedBidiMap,tailMap,4
UnmodifiableSortedBidiMap,unmodifiableSortedBidiMap,8
UnmodifiableSortedBidiMap,values,4
AbstractCollectionDecorator,add,3
AbstractCollectionDecorator,addAll,3
AbstractCollectionDecorator,clear,3
AbstractCollectionDecorator,contains,3
AbstractCollectionDecorator,containsAll,3
AbstractCollectionDecorator,decorated,3
AbstractCollectionDecorator,isEmpty,3
AbstractCollectionDecorator,iterator,3
AbstractCollectionDecorator,remove,3
AbstractCollectionDecorator,removeAll,3
AbstractCollectionDecorator,removeIf,3
AbstractCollectionDecorator,retainAll,3
AbstractCollectionDecorator,setCollection,3
AbstractCollectionDecorator,size,3
AbstractCollectionDecorator,toArray,3
AbstractCollectionDecorator,toArray,3
AbstractCollectionDecorator,toString,3
CompositeCollection,add,7
CompositeCollection,addAll,7
CompositeCollection,addComposited,5
CompositeCollection,addComposited,9
CompositeCollection,addComposited,7
CompositeCollection,clear,5
CompositeCollection,contains,8
CompositeCollection,containsAll,11
CompositeCollection,getCollections,3
CompositeCollection,getMutator,3
CompositeCollection,isEmpty,8
CompositeCollection,iterator,10
CompositeCollection,remove,7
CompositeCollection,removeAll,10
CompositeCollection,removeComposited,3
CompositeCollection,removeIf,10
CompositeCollection,retainAll,9
CompositeCollection,setMutator,3
CompositeCollection,size,7
CompositeCollection,toArray,8
CompositeCollection,toArray,20
CompositeCollection,toCollection,3
IndexedCollection,add,7
IndexedCollection,addAll,7
IndexedCollection,addToIndex,7
IndexedCollection,clear,4
IndexedCollection,contains,3
IndexedCollection,containsAll,8
IndexedCollection,get,5
IndexedCollection,nonUniqueIndexedCollection,6
IndexedCollection,reindex,6
IndexedCollection,remove,7
IndexedCollection,removeAll,7
IndexedCollection,removeFromIndex,3
IndexedCollection,removeIf,17
IndexedCollection,retainAll,7
IndexedCollection,uniqueIndexedCollection,6
IndexedCollection,values,3
Builder,add,8
Builder,addAll,8
Builder,createPredicatedBag,3
Builder,createPredicatedBag,8
Builder,createPredicatedList,3
Builder,createPredicatedList,8
Builder,createPredicatedMultiSet,3
Builder,createPredicatedMultiSet,9
Builder,createPredicatedQueue,3
Builder,createPredicatedQueue,8
Builder,createPredicatedSet,3
Builder,createPredicatedSet,8
Builder,rejectedElements,3
PredicatedCollection,add,4
PredicatedCollection,addAll,6
PredicatedCollection,builder,3
PredicatedCollection,notNullBuilder,3
PredicatedCollection,predicatedCollection,4
PredicatedCollection,validate,6
SynchronizedCollection,add,5
SynchronizedCollection,addAll,5
SynchronizedCollection,clear,5
SynchronizedCollection,contains,5
SynchronizedCollection,containsAll,5
SynchronizedCollection,decorated,3
SynchronizedCollection,equals,8
SynchronizedCollection,hashCode,5
SynchronizedCollection,isEmpty,5
SynchronizedCollection,iterator,3
SynchronizedCollection,remove,5
SynchronizedCollection,removeAll,5
SynchronizedCollection,removeIf,5
SynchronizedCollection,retainAll,5
SynchronizedCollection,size,5
SynchronizedCollection,synchronizedCollection,3
SynchronizedCollection,toArray,5
SynchronizedCollection,toArray,5
SynchronizedCollection,toString,5
TransformedCollection,add,3
TransformedCollection,addAll,3
TransformedCollection,transform,3
TransformedCollection,transform,7
TransformedCollection,transformedCollection,15
TransformedCollection,transformingCollection,4
UnmodifiableBoundedCollection,add,3
UnmodifiableBoundedCollection,addAll,3
UnmodifiableBoundedCollection,clear,3
UnmodifiableBoundedCollection,decorated,3
UnmodifiableBoundedCollection,isFull,3
UnmodifiableBoundedCollection,iterator,3
UnmodifiableBoundedCollection,maxSize,3
UnmodifiableBoundedCollection,remove,3
UnmodifiableBoundedCollection,removeAll,3
UnmodifiableBoundedCollection,removeIf,3
UnmodifiableBoundedCollection,retainAll,3
UnmodifiableBoundedCollection,unmodifiableBoundedCollection,22
UnmodifiableBoundedCollection,unmodifiableBoundedCollection,8
UnmodifiableCollection,add,3
UnmodifiableCollection,addAll,3
UnmodifiableCollection,clear,3
UnmodifiableCollection,iterator,3
UnmodifiableCollection,remove,3
UnmodifiableCollection,removeAll,3
UnmodifiableCollection,removeIf,3
UnmodifiableCollection,retainAll,3
UnmodifiableCollection,unmodifiableCollection,8
BooleanComparator,booleanComparator,3
BooleanComparator,compare,6
BooleanComparator,equals,5
BooleanComparator,getFalseFirstComparator,3
BooleanComparator,getTrueFirstComparator,3
BooleanComparator,hashCode,4
BooleanComparator,sortsTrueFirst,3
ComparableComparator,comparableComparator,3
ComparableComparator,compare,3
ComparableComparator,equals,4
ComparableComparator,hashCode,3
ComparatorChain,addComparator,3
ComparatorChain,addComparator,8
ComparatorChain,checkChainIntegrity,5
ComparatorChain,checkLocked,6
ComparatorChain,compare,28
ComparatorChain,equals,15
ComparatorChain,hashCode,10
ComparatorChain,isLocked,3
ComparatorChain,setComparator,3
ComparatorChain,setComparator,10
ComparatorChain,setForwardSort,4
ComparatorChain,setReverseSort,4
ComparatorChain,size,3
FixedOrderComparator,add,5
FixedOrderComparator,addAsEqual,9
FixedOrderComparator,checkLocked,5
FixedOrderComparator,compare,21
FixedOrderComparator,equals,18
FixedOrderComparator,getUnknownObjectBehavior,3
FixedOrderComparator,hashCode,8
FixedOrderComparator,isLocked,3
FixedOrderComparator,setUnknownObjectBehavior,7
NullComparator,compare,6
NullComparator,equals,10
NullComparator,hashCode,3
ReverseComparator,compare,3
ReverseComparator,equals,13
ReverseComparator,hashCode,3
TransformingComparator,compare,5
TransformingComparator,equals,14
TransformingComparator,hashCode,6
AbstractQuantifierPredicate,getPredicates,3
AllPredicate,allPredicate,10
AllPredicate,allPredicate,11
AllPredicate,evaluate,8
AndPredicate,andPredicate,7
AndPredicate,evaluate,3
AndPredicate,getPredicates,3
AnyPredicate,anyPredicate,10
AnyPredicate,anyPredicate,10
AnyPredicate,evaluate,8
CatchAndRethrowClosure,execute,9
ChainedClosure,chainedClosure,16
ChainedClosure,chainedClosure,7
ChainedClosure,execute,5
ChainedClosure,getClosures,3
ChainedTransformer,chainedTransformer,13
ChainedTransformer,chainedTransformer,7
ChainedTransformer,getTransformers,3
ChainedTransformer,transform,6
CloneTransformer,cloneTransformer,3
CloneTransformer,transform,6
ClosureTransformer,closureTransformer,6
ClosureTransformer,getClosure,3
ClosureTransformer,transform,4
ComparatorPredicate,comparatorPredicate,3
ComparatorPredicate,comparatorPredicate,10
ComparatorPredicate,evaluate,26
ConstantFactory,constantFactory,6
ConstantFactory,create,3
ConstantFactory,getConstant,3
ConstantTransformer,constantTransformer,6
ConstantTransformer,equals,10
ConstantTransformer,getConstant,3
ConstantTransformer,hashCode,7
ConstantTransformer,nullTransformer,3
ConstantTransformer,transform,3
DefaultEquator,defaultEquator,3
DefaultEquator,equate,3
DefaultEquator,hash,3
DefaultEquator,readResolve,3
EqualPredicate,equalPredicate,6
EqualPredicate,equalPredicate,6
EqualPredicate,evaluate,6
EqualPredicate,getValue,3
ExceptionClosure,exceptionClosure,3
ExceptionClosure,execute,3
ExceptionClosure,readResolve,3
ExceptionFactory,create,3
ExceptionFactory,exceptionFactory,3
ExceptionFactory,readResolve,3
ExceptionPredicate,evaluate,3
ExceptionPredicate,exceptionPredicate,3
ExceptionPredicate,readResolve,3
ExceptionTransformer,exceptionTransformer,3
ExceptionTransformer,readResolve,3
ExceptionTransformer,transform,3
FactoryTransformer,factoryTransformer,6
FactoryTransformer,getFactory,3
FactoryTransformer,transform,3
FalsePredicate,evaluate,3
FalsePredicate,falsePredicate,3
FalsePredicate,readResolve,3
ForClosure,execute,5
ForClosure,forClosure,9
ForClosure,getClosure,3
ForClosure,getCount,3
FunctorUtils,coerce,3
FunctorUtils,coerce,3
FunctorUtils,coerce,3
FunctorUtils,copy,6
FunctorUtils,copy,6
FunctorUtils,copy,6
FunctorUtils,validate,18
FunctorUtils,validate,11
FunctorUtils,validate,11
FunctorUtils,validate,11
IdentityPredicate,evaluate,3
IdentityPredicate,getValue,3
IdentityPredicate,identityPredicate,6
IfClosure,execute,7
IfClosure,getFalseClosure,3
IfClosure,getPredicate,3
IfClosure,getTrueClosure,3
IfClosure,ifClosure,3
IfClosure,ifClosure,11
IfTransformer,getFalseTransformer,3
IfTransformer,getPredicate,3
IfTransformer,getTrueTransformer,3
IfTransformer,ifTransformer,13
IfTransformer,ifTransformer,12
IfTransformer,transform,6
InstanceofPredicate,evaluate,3
InstanceofPredicate,getType,3
InstanceofPredicate,instanceOfPredicate,6
InstantiateFactory,create,16
InstantiateFactory,findConstructor,7
InstantiateFactory,instantiateFactory,17
InstantiateTransformer,instantiateTransformer,3
InstantiateTransformer,instantiateTransformer,13
InstantiateTransformer,transform,18
InvokerTransformer,invokerTransformer,6
InvokerTransformer,invokerTransformer,15
InvokerTransformer,transform,19
MapTransformer,getMap,3
MapTransformer,mapTransformer,6
MapTransformer,transform,3
NOPClosure,execute,3
NOPClosure,nopClosure,3
NOPClosure,readResolve,3
NOPTransformer,nopTransformer,3
NOPTransformer,readResolve,3
NOPTransformer,transform,3
NonePredicate,evaluate,8
NonePredicate,nonePredicate,7
NonePredicate,nonePredicate,7
NotNullPredicate,evaluate,3
NotNullPredicate,notNullPredicate,3
NotNullPredicate,readResolve,3
NotPredicate,evaluate,3
NotPredicate,getPredicates,3
NotPredicate,notPredicate,6
NullIsExceptionPredicate,evaluate,6
NullIsExceptionPredicate,getPredicates,3
NullIsExceptionPredicate,nullIsExceptionPredicate,6
NullIsFalsePredicate,evaluate,6
NullIsFalsePredicate,getPredicates,3
NullIsFalsePredicate,nullIsFalsePredicate,6
NullIsTruePredicate,evaluate,6
NullIsTruePredicate,getPredicates,3
NullIsTruePredicate,nullIsTruePredicate,6
NullPredicate,evaluate,3
NullPredicate,nullPredicate,3
NullPredicate,readResolve,3
OnePredicate,evaluate,12
OnePredicate,onePredicate,4
OnePredicate,onePredicate,10
OrPredicate,evaluate,3
OrPredicate,getPredicates,3
OrPredicate,orPredicate,7
PredicateTransformer,getPredicate,3
PredicateTransformer,predicateTransformer,6
PredicateTransformer,transform,3
PrototypeCloneFactory,create,14
PrototypeCloneFactory,findCloneMethod,7
PrototypeSerializationFactory,create,30
PrototypeFactory,prototypeFactory,23
StringValueTransformer,readResolve,3
StringValueTransformer,stringValueTransformer,3
StringValueTransformer,transform,3
SwitchClosure,execute,9
SwitchClosure,getClosures,3
SwitchClosure,getDefaultClosure,3
SwitchClosure,getPredicates,3
SwitchClosure,switchClosure,20
SwitchClosure,switchClosure,13
SwitchTransformer,getDefaultTransformer,3
SwitchTransformer,getPredicates,3
SwitchTransformer,getTransformers,3
SwitchTransformer,switchTransformer,27
SwitchTransformer,switchTransformer,14
SwitchTransformer,transform,8
TransformedPredicate,evaluate,4
TransformedPredicate,getPredicates,3
TransformedPredicate,getTransformer,3
TransformedPredicate,transformedPredicate,10
TransformerClosure,execute,3
TransformerClosure,getTransformer,3
TransformerClosure,transformerClosure,6
TransformerPredicate,evaluate,8
TransformerPredicate,getTransformer,3
TransformerPredicate,transformerPredicate,6
TruePredicate,evaluate,3
TruePredicate,readResolve,3
TruePredicate,truePredicate,3
UniquePredicate,evaluate,3
UniquePredicate,uniquePredicate,3
WhileClosure,execute,8
WhileClosure,getClosure,3
WhileClosure,getPredicate,3
WhileClosure,isDoLoop,3
WhileClosure,whileClosure,10
AbstractEmptyIterator,add,3
AbstractEmptyIterator,hasNext,3
AbstractEmptyIterator,hasPrevious,3
AbstractEmptyIterator,next,3
AbstractEmptyIterator,nextIndex,3
AbstractEmptyIterator,previous,3
AbstractEmptyIterator,previousIndex,3
AbstractEmptyIterator,remove,3
AbstractEmptyIterator,reset,3
AbstractEmptyIterator,set,3
AbstractEmptyMapIterator,getKey,3
AbstractEmptyMapIterator,getValue,3
AbstractEmptyMapIterator,setValue,3
AbstractIteratorDecorator,next,3
AbstractListIteratorDecorator,add,3
AbstractListIteratorDecorator,getListIterator,3
AbstractListIteratorDecorator,hasNext,3
AbstractListIteratorDecorator,hasPrevious,3
AbstractListIteratorDecorator,next,3
AbstractListIteratorDecorator,nextIndex,3
AbstractListIteratorDecorator,previous,3
AbstractListIteratorDecorator,previousIndex,3
AbstractListIteratorDecorator,remove,3
AbstractListIteratorDecorator,set,3
AbstractMapIteratorDecorator,getKey,3
AbstractMapIteratorDecorator,getMapIterator,3
AbstractMapIteratorDecorator,getValue,3
AbstractMapIteratorDecorator,hasNext,3
AbstractMapIteratorDecorator,next,3
AbstractMapIteratorDecorator,remove,3
AbstractMapIteratorDecorator,setValue,3
AbstractOrderedMapIteratorDecorator,getKey,3
AbstractOrderedMapIteratorDecorator,getOrderedMapIterator,3
AbstractOrderedMapIteratorDecorator,getValue,3
AbstractOrderedMapIteratorDecorator,hasNext,3
AbstractOrderedMapIteratorDecorator,hasPrevious,3
AbstractOrderedMapIteratorDecorator,next,3
AbstractOrderedMapIteratorDecorator,previous,3
AbstractOrderedMapIteratorDecorator,remove,3
AbstractOrderedMapIteratorDecorator,setValue,3
AbstractUntypedIteratorDecorator,getIterator,3
AbstractUntypedIteratorDecorator,hasNext,3
AbstractUntypedIteratorDecorator,remove,3
ArrayIterator,checkBound,14
ArrayIterator,getArray,3
ArrayIterator,getEndIndex,3
ArrayIterator,getStartIndex,3
ArrayIterator,hasNext,3
ArrayIterator,next,6
ArrayIterator,remove,3
ArrayIterator,reset,3
ArrayListIterator,add,3
ArrayListIterator,hasPrevious,3
ArrayListIterator,next,7
ArrayListIterator,nextIndex,3
ArrayListIterator,previous,7
ArrayListIterator,previousIndex,3
ArrayListIterator,reset,4
ArrayListIterator,set,7
BoundedIterator,checkBounds,6
BoundedIterator,hasNext,6
BoundedIterator,init,6
BoundedIterator,next,8
BoundedIterator,remove,6
CollatingIterator,addIterator,7
CollatingIterator,anyHasNext,8
CollatingIterator,anyValueSet,8
CollatingIterator,checkNotStarted,5
CollatingIterator,clear,4
CollatingIterator,getComparator,3
CollatingIterator,getIteratorIndex,7
CollatingIterator,getIterators,3
CollatingIterator,hasNext,4
CollatingIterator,least,25
CollatingIterator,next,13
CollatingIterator,remove,6
CollatingIterator,set,11
CollatingIterator,setComparator,4
CollatingIterator,setIterator,7
CollatingIterator,start,10
EmptyIterator,emptyIterator,3
EmptyIterator,resettableEmptyIterator,3
EmptyListIterator,emptyListIterator,3
EmptyListIterator,resettableEmptyListIterator,3
EmptyMapIterator,emptyMapIterator,3
EmptyOrderedIterator,emptyOrderedIterator,3
EmptyOrderedMapIterator,emptyOrderedMapIterator,3
EntrySetMapIterator,getKey,6
EntrySetMapIterator,getValue,6
EntrySetMapIterator,hasNext,3
EntrySetMapIterator,next,5
EntrySetMapIterator,remove,8
EntrySetMapIterator,reset,5
EntrySetMapIterator,setValue,6
EntrySetMapIterator,toString,6
EnumerationIterator,getEnumeration,3
EnumerationIterator,hasNext,3
EnumerationIterator,next,4
EnumerationIterator,remove,11
EnumerationIterator,setEnumeration,3
FilterIterator,getIterator,3
FilterIterator,getPredicate,3
FilterIterator,hasNext,3
FilterIterator,next,7
FilterIterator,remove,6
FilterIterator,setIterator,5
FilterIterator,setNextObject,11
FilterIterator,setPredicate,5
FilterListIterator,add,3
FilterListIterator,clearNextObject,4
FilterListIterator,clearPreviousObject,4
FilterListIterator,getListIterator,3
FilterListIterator,getPredicate,3
FilterListIterator,hasNext,3
FilterListIterator,hasPrevious,3
FilterListIterator,next,9
FilterListIterator,nextIndex,3
FilterListIterator,previous,9
FilterListIterator,previousIndex,3
FilterListIterator,remove,3
FilterListIterator,set,3
FilterListIterator,setListIterator,3
FilterListIterator,setNextObject,26
FilterListIterator,setPredicate,3
FilterListIterator,setPreviousObject,26
IteratorChain,addIterator,7
IteratorChain,checkLocked,6
IteratorChain,hasNext,7
IteratorChain,isLocked,3
IteratorChain,lockChain,5
IteratorChain,next,7
IteratorChain,remove,7
IteratorChain,size,3
IteratorChain,updateCurrentIterator,16
IteratorEnumeration,getIterator,3
IteratorEnumeration,hasMoreElements,3
IteratorEnumeration,nextElement,3
IteratorEnumeration,setIterator,3
1,hasNext,3
1,next,3
1,remove,3
IteratorIterable,createTypesafeIterator,18
IteratorIterable,iterator,6
LazyIteratorChain,hasNext,6
LazyIteratorChain,next,6
LazyIteratorChain,remove,6
LazyIteratorChain,updateCurrentIterator,21
ListIteratorWrapper,add,9
ListIteratorWrapper,hasNext,6
ListIteratorWrapper,hasPrevious,7
ListIteratorWrapper,next,17
ListIteratorWrapper,nextIndex,7
ListIteratorWrapper,previous,13
ListIteratorWrapper,previousIndex,7
ListIteratorWrapper,remove,18
ListIteratorWrapper,reset,10
ListIteratorWrapper,set,9
LoopingIterator,hasNext,3
LoopingIterator,next,9
LoopingIterator,remove,3
LoopingIterator,reset,3
LoopingIterator,size,3
LoopingListIterator,_reset,3
LoopingListIterator,add,3
LoopingListIterator,hasNext,3
LoopingListIterator,hasPrevious,3
LoopingListIterator,next,10
LoopingListIterator,nextIndex,10
LoopingListIterator,previous,15
LoopingListIterator,previousIndex,10
LoopingListIterator,remove,3
LoopingListIterator,reset,3
LoopingListIterator,set,3
LoopingListIterator,size,3
NodeListIterator,hasNext,3
NodeListIterator,next,6
NodeListIterator,remove,3
ObjectArrayIterator,getArray,3
ObjectArrayIterator,getEndIndex,3
ObjectArrayIterator,getStartIndex,3
ObjectArrayIterator,hasNext,3
ObjectArrayIterator,next,6
ObjectArrayIterator,remove,3
ObjectArrayIterator,reset,3
ObjectArrayListIterator,add,3
ObjectArrayListIterator,hasPrevious,3
ObjectArrayListIterator,next,7
ObjectArrayListIterator,nextIndex,3
ObjectArrayListIterator,previous,7
ObjectArrayListIterator,previousIndex,3
ObjectArrayListIterator,reset,4
ObjectArrayListIterator,set,7
ObjectGraphIterator,findNext,10
ObjectGraphIterator,findNextByIterator,23
ObjectGraphIterator,hasNext,4
ObjectGraphIterator,next,11
ObjectGraphIterator,remove,7
ObjectGraphIterator,updateCurrentIterator,19
PeekingIterator,element,7
PeekingIterator,fill,13
PeekingIterator,hasNext,6
PeekingIterator,next,10
PeekingIterator,peek,4
PeekingIterator,peekingIterator,11
PeekingIterator,remove,6
PermutationIterator,hasNext,3
PermutationIterator,next,44
PermutationIterator,remove,3
PushbackIterator,hasNext,3
PushbackIterator,next,3
PushbackIterator,pushback,3
PushbackIterator,pushbackIterator,11
PushbackIterator,remove,3
ReverseListIterator,add,10
ReverseListIterator,hasNext,3
ReverseListIterator,hasPrevious,3
ReverseListIterator,next,5
ReverseListIterator,nextIndex,3
ReverseListIterator,previous,5
ReverseListIterator,previousIndex,3
ReverseListIterator,remove,6
ReverseListIterator,reset,3
ReverseListIterator,set,6
SingletonIterator,hasNext,3
SingletonIterator,next,7
SingletonIterator,remove,11
SingletonIterator,reset,3
SingletonListIterator,add,3
SingletonListIterator,hasNext,3
SingletonListIterator,hasPrevious,3
SingletonListIterator,next,8
SingletonListIterator,nextIndex,3
SingletonListIterator,previous,7
SingletonListIterator,previousIndex,3
SingletonListIterator,remove,7
SingletonListIterator,reset,4
SingletonListIterator,set,6
SkippingIterator,init,5
SkippingIterator,next,5
SkippingIterator,remove,6
TransformIterator,getIterator,3
TransformIterator,getTransformer,3
TransformIterator,hasNext,3
TransformIterator,next,3
TransformIterator,remove,3
TransformIterator,setIterator,3
TransformIterator,setTransformer,3
TransformIterator,transform,3
UnmodifiableIterator,hasNext,3
UnmodifiableIterator,next,3
UnmodifiableIterator,remove,3
UnmodifiableIterator,unmodifiableIterator,11
UnmodifiableListIterator,add,3
UnmodifiableListIterator,hasNext,3
UnmodifiableListIterator,hasPrevious,3
UnmodifiableListIterator,next,3
UnmodifiableListIterator,nextIndex,3
UnmodifiableListIterator,previous,3
UnmodifiableListIterator,previousIndex,3
UnmodifiableListIterator,remove,3
UnmodifiableListIterator,set,3
UnmodifiableListIterator,umodifiableListIterator,11
UnmodifiableMapIterator,getKey,3
UnmodifiableMapIterator,getValue,3
UnmodifiableMapIterator,hasNext,3
UnmodifiableMapIterator,next,3
UnmodifiableMapIterator,remove,3
UnmodifiableMapIterator,setValue,3
UnmodifiableMapIterator,unmodifiableMapIterator,12
UnmodifiableOrderedMapIterator,getKey,3
UnmodifiableOrderedMapIterator,getValue,3
UnmodifiableOrderedMapIterator,hasNext,3
UnmodifiableOrderedMapIterator,hasPrevious,3
UnmodifiableOrderedMapIterator,next,3
UnmodifiableOrderedMapIterator,previous,3
UnmodifiableOrderedMapIterator,remove,3
UnmodifiableOrderedMapIterator,setValue,3
UnmodifiableOrderedMapIterator,unmodifiableOrderedMapIterator,13
ZippingIterator,hasNext,18
ZippingIterator,next,10
ZippingIterator,remove,7
AbstractKeyValue,getKey,3
AbstractKeyValue,getValue,3
AbstractKeyValue,setKey,5
AbstractKeyValue,setValue,5
AbstractKeyValue,toString,7
AbstractMapEntry,equals,12
AbstractMapEntry,hashCode,4
AbstractMapEntry,setValue,3
AbstractMapEntryDecorator,equals,6
AbstractMapEntryDecorator,getKey,3
AbstractMapEntryDecorator,getMapEntry,3
AbstractMapEntryDecorator,getValue,3
AbstractMapEntryDecorator,hashCode,3
AbstractMapEntryDecorator,setValue,3
AbstractMapEntryDecorator,toString,3
DefaultKeyValue,equals,13
DefaultKeyValue,hashCode,4
DefaultKeyValue,setKey,7
DefaultKeyValue,setValue,7
DefaultKeyValue,toMapEntry,3
MultiKey,calculateHashCode,10
MultiKey,equals,10
MultiKey,getKey,3
MultiKey,getKeys,3
MultiKey,hashCode,3
MultiKey,readResolve,4
MultiKey,size,3
MultiKey,toString,3
TiedMapEntry,equals,13
TiedMapEntry,getKey,3
TiedMapEntry,getValue,3
TiedMapEntry,hashCode,5
TiedMapEntry,setValue,6
TiedMapEntry,toString,3
UnmodifiableMapEntry,setValue,3
Node,getNextNode,3
Node,getPreviousNode,3
Node,getValue,3
Node,setNextNode,3
Node,setPreviousNode,3
Node,setValue,3
LinkedListIterator,add,7
LinkedListIterator,checkModCount,5
LinkedListIterator,getLastNodeReturned,6
LinkedListIterator,hasNext,3
LinkedListIterator,hasPrevious,3
LinkedListIterator,next,11
LinkedListIterator,nextIndex,3
LinkedListIterator,previous,11
LinkedListIterator,previousIndex,4
LinkedListIterator,remove,14
LinkedListIterator,set,4
LinkedSubListIterator,add,5
LinkedSubListIterator,hasNext,3
LinkedSubListIterator,hasPrevious,3
LinkedSubListIterator,nextIndex,3
LinkedSubListIterator,remove,5
LinkedSubList,add,8
LinkedSubList,addAll,14
LinkedSubList,addAll,3
LinkedSubList,checkModCount,5
LinkedSubList,clear,8
LinkedSubList,get,5
LinkedSubList,iterator,4
LinkedSubList,listIterator,5
LinkedSubList,rangeCheck,5
LinkedSubList,remove,9
LinkedSubList,set,5
LinkedSubList,size,4
LinkedSubList,subList,3
AbstractLinkedList,add,4
AbstractLinkedList,add,4
AbstractLinkedList,addAll,7
AbstractLinkedList,addAll,3
AbstractLinkedList,addFirst,4
AbstractLinkedList,addLast,4
AbstractLinkedList,addNode,8
AbstractLinkedList,addNodeAfter,4
AbstractLinkedList,addNodeBefore,4
AbstractLinkedList,clear,3
AbstractLinkedList,contains,3
AbstractLinkedList,containsAll,8
AbstractLinkedList,createHeaderNode,3
AbstractLinkedList,createNode,3
AbstractLinkedList,createSubListIterator,3
AbstractLinkedList,createSubListListIterator,3
AbstractLinkedList,doReadObject,7
AbstractLinkedList,doWriteObject,7
AbstractLinkedList,equals,22
AbstractLinkedList,get,4
AbstractLinkedList,getFirst,7
AbstractLinkedList,getLast,7
AbstractLinkedList,getNode,32
AbstractLinkedList,hashCode,7
AbstractLinkedList,indexOf,10
AbstractLinkedList,init,3
AbstractLinkedList,isEmpty,3
AbstractLinkedList,isEqualValue,3
AbstractLinkedList,iterator,3
AbstractLinkedList,lastIndexOf,10
AbstractLinkedList,listIterator,3
AbstractLinkedList,listIterator,3
AbstractLinkedList,remove,6
AbstractLinkedList,remove,9
AbstractLinkedList,removeAll,11
AbstractLinkedList,removeAllNodes,6
AbstractLinkedList,removeFirst,9
AbstractLinkedList,removeLast,9
AbstractLinkedList,removeNode,6
AbstractLinkedList,retainAll,11
AbstractLinkedList,set,6
AbstractLinkedList,size,3
AbstractLinkedList,subList,3
AbstractLinkedList,toArray,3
AbstractLinkedList,toArray,17
AbstractLinkedList,toString,20
AbstractLinkedList,updateNode,3
AbstractListDecorator,add,3
AbstractListDecorator,addAll,3
AbstractListDecorator,decorated,3
AbstractListDecorator,equals,3
AbstractListDecorator,get,3
AbstractListDecorator,hashCode,3
AbstractListDecorator,indexOf,3
AbstractListDecorator,lastIndexOf,3
AbstractListDecorator,listIterator,3
AbstractListDecorator,listIterator,3
AbstractListDecorator,remove,3
AbstractListDecorator,set,3
AbstractListDecorator,subList,3
AbstractSerializableListDecorator,readObject,4
AbstractSerializableListDecorator,writeObject,4
Cursor,add,7
Cursor,checkModCount,5
Cursor,close,6
Cursor,nextIndex,17
Cursor,nodeChanged,3
Cursor,nodeInserted,9
Cursor,nodeRemoved,22
Cursor,remove,14
SubCursor,add,5
SubCursor,hasNext,3
SubCursor,hasPrevious,3
SubCursor,nextIndex,3
SubCursor,remove,5
CursorableLinkedList,addNode,4
CursorableLinkedList,broadcastNodeChanged,12
CursorableLinkedList,broadcastNodeInserted,12
CursorableLinkedList,broadcastNodeRemoved,12
CursorableLinkedList,createSubListListIterator,5
CursorableLinkedList,cursor,3
CursorableLinkedList,cursor,5
CursorableLinkedList,init,4
CursorableLinkedList,iterator,3
CursorableLinkedList,listIterator,3
CursorableLinkedList,listIterator,3
CursorableLinkedList,readObject,4
CursorableLinkedList,registerCursor,6
CursorableLinkedList,removeAllNodes,10
CursorableLinkedList,removeNode,4
CursorableLinkedList,unregisterCursor,16
CursorableLinkedList,updateNode,4
CursorableLinkedList,writeObject,4
FixedSizeListIterator,add,3
FixedSizeListIterator,remove,3
FixedSizeList,add,3
FixedSizeList,add,3
FixedSizeList,addAll,3
FixedSizeList,addAll,3
FixedSizeList,clear,3
FixedSizeList,fixedSizeList,3
FixedSizeList,get,3
FixedSizeList,indexOf,3
FixedSizeList,isFull,3
FixedSizeList,iterator,3
FixedSizeList,lastIndexOf,3
FixedSizeList,listIterator,3
FixedSizeList,listIterator,3
FixedSizeList,maxSize,3
FixedSizeList,remove,3
FixedSizeList,remove,3
FixedSizeList,removeAll,3
FixedSizeList,removeIf,3
FixedSizeList,retainAll,3
FixedSizeList,set,3
FixedSizeList,subList,4
FixedSizeList,unsupportedOperationException,3
GrowthList,add,7
GrowthList,addAll,9
GrowthList,growthList,3
GrowthList,set,7
LazyList,element,9
LazyList,get,23
LazyList,lazyList,3
LazyList,lazyList,3
LazyList,subList,10
NodeCachingLinkedList,addNodeToCache,13
NodeCachingLinkedList,createNode,8
NodeCachingLinkedList,getMaximumCacheSize,3
NodeCachingLinkedList,getNodeFromCache,11
NodeCachingLinkedList,isCacheFull,3
NodeCachingLinkedList,readObject,4
NodeCachingLinkedList,removeAllNodes,14
NodeCachingLinkedList,removeNode,4
NodeCachingLinkedList,setMaximumCacheSize,4
NodeCachingLinkedList,shrinkCacheToMaximumSize,6
NodeCachingLinkedList,writeObject,4
PredicatedListIterator,add,4
PredicatedListIterator,set,4
PredicatedList,add,4
PredicatedList,addAll,6
PredicatedList,decorated,3
PredicatedList,equals,3
PredicatedList,get,3
PredicatedList,hashCode,3
PredicatedList,indexOf,3
PredicatedList,lastIndexOf,3
PredicatedList,listIterator,3
PredicatedList,listIterator,3
PredicatedList,predicatedList,3
PredicatedList,remove,3
PredicatedList,set,4
PredicatedList,subList,4
SetListIterator,next,4
SetListIterator,remove,5
SetListListIterator,add,6
SetListListIterator,next,4
SetListListIterator,previous,4
SetListListIterator,remove,5
SetListListIterator,set,3
SetUniqueList,add,7
SetUniqueList,add,10
SetUniqueList,addAll,9
SetUniqueList,addAll,3
SetUniqueList,asSet,3
SetUniqueList,clear,4
SetUniqueList,contains,3
SetUniqueList,containsAll,3
SetUniqueList,createSetBasedOnList,16
SetUniqueList,iterator,3
SetUniqueList,listIterator,3
SetUniqueList,listIterator,3
SetUniqueList,remove,5
SetUniqueList,remove,7
SetUniqueList,removeAll,7
SetUniqueList,removeIf,5
SetUniqueList,retainAll,13
SetUniqueList,set,15
SetUniqueList,setUniqueList,13
SetUniqueList,subList,5
TransformedListIterator,add,4
TransformedListIterator,set,4
TransformedList,add,4
TransformedList,addAll,4
TransformedList,equals,3
TransformedList,get,3
TransformedList,getList,3
TransformedList,hashCode,3
TransformedList,indexOf,3
TransformedList,lastIndexOf,3
TransformedList,listIterator,3
TransformedList,listIterator,3
TransformedList,remove,3
TransformedList,set,4
TransformedList,subList,4
TransformedList,transformedList,13
TransformedList,transformingList,4
AVLNode,addAll,94
AVLNode,balance,20
AVLNode,get,13
AVLNode,getHeight,3
AVLNode,getLeftSubTree,3
AVLNode,getOffset,6
AVLNode,getRightSubTree,3
AVLNode,getValue,3
AVLNode,heightRightMinusLeft,3
AVLNode,indexOf,15
AVLNode,insert,8
AVLNode,insertOnLeft,14
AVLNode,insertOnRight,13
AVLNode,max,3
AVLNode,min,3
AVLNode,next,6
AVLNode,previous,6
AVLNode,recalcHeight,5
AVLNode,remove,20
AVLNode,removeMax,11
AVLNode,removeMin,11
AVLNode,removeSelf,50
AVLNode,rotateLeft,16
AVLNode,rotateRight,16
AVLNode,setLeft,5
AVLNode,setOffset,8
AVLNode,setRight,5
AVLNode,setValue,3
AVLNode,toArray,9
AVLNode,toString,15
TreeListIterator,add,8
TreeListIterator,checkModCount,5
TreeListIterator,hasNext,3
TreeListIterator,hasPrevious,3
TreeListIterator,next,14
TreeListIterator,nextIndex,3
TreeListIterator,previous,15
TreeListIterator,previousIndex,3
TreeListIterator,remove,17
TreeListIterator,set,7
TreeList,add,10
TreeList,addAll,10
TreeList,checkInterval,5
TreeList,clear,5
TreeList,contains,3
TreeList,get,4
TreeList,indexOf,7
TreeList,iterator,4
TreeList,listIterator,4
TreeList,listIterator,6
TreeList,remove,8
TreeList,set,7
TreeList,size,3
TreeList,toArray,8
UnmodifiableList,add,3
UnmodifiableList,add,3
UnmodifiableList,addAll,3
UnmodifiableList,addAll,3
UnmodifiableList,clear,3
UnmodifiableList,iterator,3
UnmodifiableList,listIterator,3
UnmodifiableList,listIterator,3
UnmodifiableList,remove,3
UnmodifiableList,remove,3
UnmodifiableList,removeAll,3
UnmodifiableList,removeIf,3
UnmodifiableList,retainAll,3
UnmodifiableList,set,3
UnmodifiableList,subList,4
UnmodifiableList,unmodifiableList,8
HashMapIterator,getKey,7
HashMapIterator,getValue,7
HashMapIterator,next,3
HashMapIterator,setValue,7
EntrySet,clear,3
EntrySet,contains,8
EntrySet,iterator,3
EntrySet,remove,11
EntrySet,size,3
EntrySetIterator,next,3
KeySet,clear,3
KeySet,contains,3
KeySet,iterator,3
KeySet,remove,5
KeySet,size,3
KeySetIterator,next,3
Values,clear,3
Values,contains,3
Values,iterator,3
Values,size,3
ValuesIterator,next,3
HashEntry,equals,12
HashEntry,getKey,6
HashEntry,getValue,3
HashEntry,hashCode,4
HashEntry,setValue,5
HashEntry,toString,3
HashIterator,currentEntry,3
HashIterator,hasNext,3
HashIterator,nextEntry,19
HashIterator,remove,11
HashIterator,toString,6
AbstractHashedMap,_putAll,11
AbstractHashedMap,addEntry,3
AbstractHashedMap,addMapping,7
AbstractHashedMap,calculateNewCapacity,14
AbstractHashedMap,calculateThreshold,3
AbstractHashedMap,checkCapacity,8
AbstractHashedMap,clear,8
AbstractHashedMap,clone,16
AbstractHashedMap,containsKey,12
AbstractHashedMap,containsValue,24
AbstractHashedMap,convertKey,3
AbstractHashedMap,createEntry,3
AbstractHashedMap,createEntrySetIterator,6
AbstractHashedMap,createKeySetIterator,6
AbstractHashedMap,createValuesIterator,6
AbstractHashedMap,destroyEntry,5
AbstractHashedMap,doReadObject,13
AbstractHashedMap,doWriteObject,9
AbstractHashedMap,ensureCapacity,30
AbstractHashedMap,entryHashCode,3
AbstractHashedMap,entryKey,3
AbstractHashedMap,entryNext,3
AbstractHashedMap,entrySet,6
AbstractHashedMap,entryValue,3
AbstractHashedMap,equals,33
AbstractHashedMap,get,12
AbstractHashedMap,getEntry,12
AbstractHashedMap,hash,9
AbstractHashedMap,hashCode,8
AbstractHashedMap,hashIndex,3
AbstractHashedMap,init,2
AbstractHashedMap,isEmpty,3
AbstractHashedMap,isEqualKey,3
AbstractHashedMap,isEqualValue,3
AbstractHashedMap,keySet,6
AbstractHashedMap,mapIterator,6
AbstractHashedMap,put,17
AbstractHashedMap,putAll,3
AbstractHashedMap,remove,17
AbstractHashedMap,removeEntry,7
AbstractHashedMap,removeMapping,6
AbstractHashedMap,reuseEntry,7
AbstractHashedMap,size,3
AbstractHashedMap,toString,25
AbstractHashedMap,updateEntry,3
AbstractHashedMap,values,6
EntrySet,iterator,3
EntrySet,toArray,7
EntrySet,toArray,24
EntrySetIterator,next,4
MapEntry,setValue,4
AbstractInputCheckedMapDecorator,entrySet,6
AbstractInputCheckedMapDecorator,isSetValueChecking,3
AbstractIterableMap,mapIterator,3
LinkMapIterator,getKey,7
LinkMapIterator,getValue,7
LinkMapIterator,next,3
LinkMapIterator,previous,3
LinkMapIterator,setValue,7
EntrySetIterator,next,3
EntrySetIterator,previous,3
KeySetIterator,next,3
KeySetIterator,previous,3
ValuesIterator,next,3
ValuesIterator,previous,3
LinkIterator,currentEntry,3
LinkIterator,hasNext,3
LinkIterator,hasPrevious,3
LinkIterator,nextEntry,11
LinkIterator,previousEntry,12
LinkIterator,remove,11
LinkIterator,reset,4
LinkIterator,toString,6
AbstractLinkedMap,addEntry,8
AbstractLinkedMap,clear,5
AbstractLinkedMap,containsValue,17
AbstractLinkedMap,createEntry,3
AbstractLinkedMap,createEntrySetIterator,6
AbstractLinkedMap,createKeySetIterator,6
AbstractLinkedMap,createValuesIterator,6
AbstractLinkedMap,entryAfter,3
AbstractLinkedMap,entryBefore,3
AbstractLinkedMap,firstKey,6
AbstractLinkedMap,getEntry,23
AbstractLinkedMap,getEntry,3
AbstractLinkedMap,init,4
AbstractLinkedMap,lastKey,6
AbstractLinkedMap,mapIterator,6
AbstractLinkedMap,nextKey,4
AbstractLinkedMap,previousKey,4
AbstractLinkedMap,removeEntry,8
AbstractMapDecorator,clear,3
AbstractMapDecorator,containsKey,3
AbstractMapDecorator,containsValue,3
AbstractMapDecorator,decorated,3
AbstractMapDecorator,entrySet,3
AbstractMapDecorator,equals,6
AbstractMapDecorator,get,3
AbstractMapDecorator,hashCode,3
AbstractMapDecorator,isEmpty,3
AbstractMapDecorator,keySet,3
AbstractMapDecorator,put,3
AbstractMapDecorator,putAll,3
AbstractMapDecorator,remove,3
AbstractMapDecorator,size,3
AbstractMapDecorator,toString,3
AbstractMapDecorator,values,3
AbstractOrderedMapDecorator,decorated,3
AbstractOrderedMapDecorator,firstKey,3
AbstractOrderedMapDecorator,lastKey,3
AbstractOrderedMapDecorator,mapIterator,3
AbstractOrderedMapDecorator,nextKey,3
AbstractOrderedMapDecorator,previousKey,3
ReferenceStrength,resolve,12
ReferenceEntrySet,toArray,3
ReferenceEntrySet,toArray,8
ReferenceKeySet,toArray,3
ReferenceKeySet,toArray,8
ReferenceValues,toArray,3
ReferenceValues,toArray,8
ReferenceEntry,equals,19
ReferenceEntry,getKey,3
ReferenceEntry,getValue,3
ReferenceEntry,hashCode,3
ReferenceEntry,next,3
ReferenceEntry,nullValue,3
ReferenceEntry,onPurge,3
ReferenceEntry,purge,15
ReferenceEntry,setValue,8
ReferenceEntry,toReference,12
ReferenceBaseIterator,checkMod,5
ReferenceBaseIterator,currentEntry,4
ReferenceBaseIterator,hasNext,24
ReferenceBaseIterator,nextEntry,13
ReferenceBaseIterator,nextNull,3
ReferenceBaseIterator,remove,11
ReferenceEntrySetIterator,next,3
ReferenceKeySetIterator,next,3
ReferenceValuesIterator,next,3
ReferenceMapIterator,getKey,7
ReferenceMapIterator,getValue,7
ReferenceMapIterator,next,3
ReferenceMapIterator,setValue,7
SoftRef,hashCode,3
WeakRef,hashCode,3
AbstractReferenceMap,clear,7
AbstractReferenceMap,containsKey,8
AbstractReferenceMap,containsValue,7
AbstractReferenceMap,createEntry,4
AbstractReferenceMap,createEntrySetIterator,3
AbstractReferenceMap,createKeySetIterator,3
AbstractReferenceMap,createValuesIterator,3
AbstractReferenceMap,doReadObject,27
AbstractReferenceMap,doWriteObject,13
AbstractReferenceMap,entrySet,6
AbstractReferenceMap,get,8
AbstractReferenceMap,getEntry,6
AbstractReferenceMap,hashEntry,4
AbstractReferenceMap,init,3
AbstractReferenceMap,isEmpty,4
AbstractReferenceMap,isEqualKey,4
AbstractReferenceMap,isKeyType,3
AbstractReferenceMap,isValueType,3
AbstractReferenceMap,keySet,6
AbstractReferenceMap,mapIterator,3
AbstractReferenceMap,purge,7
AbstractReferenceMap,purge,25
AbstractReferenceMap,purgeBeforeRead,3
AbstractReferenceMap,purgeBeforeWrite,3
AbstractReferenceMap,put,11
AbstractReferenceMap,remove,7
AbstractReferenceMap,size,4
AbstractReferenceMap,values,6
SortedMapIterator,hasPrevious,3
SortedMapIterator,previous,4
SortedMapIterator,reset,4
AbstractSortedMapDecorator,comparator,3
AbstractSortedMapDecorator,decorated,3
AbstractSortedMapDecorator,firstKey,3
AbstractSortedMapDecorator,headMap,3
AbstractSortedMapDecorator,lastKey,3
AbstractSortedMapDecorator,mapIterator,3
AbstractSortedMapDecorator,nextKey,5
AbstractSortedMapDecorator,previousKey,4
AbstractSortedMapDecorator,subMap,3
AbstractSortedMapDecorator,tailMap,3
CaseInsensitiveMap,clone,3
CaseInsensitiveMap,convertKey,10
CaseInsensitiveMap,readObject,4
CaseInsensitiveMap,writeObject,4
CompositeMap,addComposited,17
CompositeMap,clear,5
CompositeMap,containsKey,8
CompositeMap,containsValue,8
CompositeMap,entrySet,7
CompositeMap,equals,7
CompositeMap,get,8
CompositeMap,hashCode,7
CompositeMap,isEmpty,8
CompositeMap,keySet,7
CompositeMap,put,6
CompositeMap,putAll,6
CompositeMap,remove,8
CompositeMap,removeComposited,13
CompositeMap,setMutator,3
CompositeMap,size,7
CompositeMap,values,7
DefaultedMap,defaultedMap,3
DefaultedMap,defaultedMap,6
DefaultedMap,defaultedMap,7
DefaultedMap,get,6
DefaultedMap,readObject,4
DefaultedMap,writeObject,4
EntrySetToMapIteratorAdapter,current,6
EntrySetToMapIteratorAdapter,getKey,3
EntrySetToMapIteratorAdapter,getValue,3
EntrySetToMapIteratorAdapter,hasNext,3
EntrySetToMapIteratorAdapter,next,4
EntrySetToMapIteratorAdapter,remove,4
EntrySetToMapIteratorAdapter,reset,3
EntrySetToMapIteratorAdapter,setValue,3
FixedSizeMap,clear,3
FixedSizeMap,entrySet,5
FixedSizeMap,fixedSizeMap,3
FixedSizeMap,isFull,3
FixedSizeMap,keySet,4
FixedSizeMap,maxSize,3
FixedSizeMap,put,6
FixedSizeMap,putAll,8
FixedSizeMap,readObject,4
FixedSizeMap,remove,3
FixedSizeMap,values,4
FixedSizeMap,writeObject,4
FixedSizeSortedMap,clear,3
FixedSizeSortedMap,entrySet,3
FixedSizeSortedMap,fixedSizeSortedMap,3
FixedSizeSortedMap,getSortedMap,3
FixedSizeSortedMap,headMap,3
FixedSizeSortedMap,isFull,3
FixedSizeSortedMap,keySet,3
FixedSizeSortedMap,maxSize,3
FixedSizeSortedMap,put,6
FixedSizeSortedMap,putAll,6
FixedSizeSortedMap,readObject,4
FixedSizeSortedMap,remove,3
FixedSizeSortedMap,subMap,3
FixedSizeSortedMap,tailMap,3
FixedSizeSortedMap,values,3
FixedSizeSortedMap,writeObject,4
FlatMapIterator,getKey,14
FlatMapIterator,getValue,14
FlatMapIterator,hasNext,3
FlatMapIterator,next,8
FlatMapIterator,remove,8
FlatMapIterator,reset,4
FlatMapIterator,setValue,20
FlatMapIterator,toString,6
EntrySet,clear,3
EntrySet,iterator,9
EntrySet,remove,10
EntrySet,size,3
FlatMapEntry,equals,13
FlatMapEntry,getKey,14
FlatMapEntry,getValue,14
FlatMapEntry,hashCode,9
FlatMapEntry,setRemoved,3
FlatMapEntry,setValue,20
FlatMapEntry,toString,6
EntryIterator,hasNext,3
EntryIterator,nextEntry,7
EntryIterator,remove,9
EntrySetIterator,next,3
KeySet,clear,3
KeySet,contains,3
KeySet,iterator,9
KeySet,remove,5
KeySet,size,3
KeySetIterator,next,3
Values,clear,3
Values,contains,3
Values,iterator,9
Values,size,3
ValuesIterator,next,3
Flat3Map,clear,11
Flat3Map,clone,11
Flat3Map,containsKey,40
Flat3Map,containsValue,37
Flat3Map,convertToMap,20
Flat3Map,createDelegateMap,3
Flat3Map,entrySet,6
Flat3Map,equals,45
Flat3Map,get,42
Flat3Map,hashCode,19
Flat3Map,isEmpty,3
Flat3Map,keySet,6
Flat3Map,mapIterator,9
Flat3Map,put,77
Flat3Map,putAll,18
Flat3Map,readObject,10
Flat3Map,remove,143
Flat3Map,size,6
Flat3Map,toString,32
Flat3Map,values,6
Flat3Map,writeObject,8
HashedMap,clone,3
HashedMap,readObject,4
HashedMap,writeObject,4
LRUMap,addMapping,37
LRUMap,clone,3
LRUMap,doReadObject,4
LRUMap,doWriteObject,4
LRUMap,get,3
LRUMap,get,10
LRUMap,isFull,3
LRUMap,isScanUntilRemovable,3
LRUMap,maxSize,3
LRUMap,moveToMRU,20
LRUMap,readObject,4
LRUMap,removeLRU,3
LRUMap,reuseMapping,33
LRUMap,updateEntry,4
LRUMap,writeObject,4
LazyMap,get,11
LazyMap,lazyMap,3
LazyMap,lazyMap,3
LazyMap,readObject,4
LazyMap,writeObject,4
LazySortedMap,comparator,3
LazySortedMap,firstKey,3
LazySortedMap,getSortedMap,3
LazySortedMap,headMap,4
LazySortedMap,lastKey,3
LazySortedMap,lazySortedMap,4
LazySortedMap,lazySortedMap,4
LazySortedMap,subMap,4
LazySortedMap,tailMap,4
LinkedMapList,clear,3
LinkedMapList,contains,3
LinkedMapList,containsAll,3
LinkedMapList,get,3
LinkedMapList,indexOf,3
LinkedMapList,iterator,3
LinkedMapList,lastIndexOf,3
LinkedMapList,listIterator,3
LinkedMapList,listIterator,3
LinkedMapList,remove,3
LinkedMapList,remove,3
LinkedMapList,removeAll,3
LinkedMapList,removeIf,3
LinkedMapList,retainAll,3
LinkedMapList,size,3
LinkedMapList,subList,3
LinkedMapList,toArray,3
LinkedMapList,toArray,3
LinkedMap,asList,3
LinkedMap,clone,3
LinkedMap,get,3
LinkedMap,getValue,3
LinkedMap,indexOf,10
LinkedMap,readObject,4
LinkedMap,remove,3
LinkedMap,writeObject,4
1,next,3
ValuesView,clear,3
ValuesView,contains,3
ValuesView,get,3
ValuesView,iterator,8
ValuesView,remove,3
ValuesView,set,3
ValuesView,size,3
1,next,3
KeySetView,clear,3
KeySetView,contains,3
KeySetView,iterator,8
KeySetView,size,3
EntrySetView,clear,3
EntrySetView,contains,3
EntrySetView,containsAll,3
EntrySetView,equals,6
EntrySetView,getEntrySet,6
EntrySetView,hashCode,3
EntrySetView,isEmpty,3
EntrySetView,iterator,3
EntrySetView,remove,11
EntrySetView,size,3
EntrySetView,toString,3
ListOrderedIterator,next,4
ListOrderedIterator,remove,4
ListOrderedMapEntry,getValue,3
ListOrderedMapEntry,setValue,3
ListOrderedMapIterator,getKey,6
ListOrderedMapIterator,getValue,6
ListOrderedMapIterator,hasNext,3
ListOrderedMapIterator,hasPrevious,3
ListOrderedMapIterator,next,5
ListOrderedMapIterator,previous,5
ListOrderedMapIterator,remove,8
ListOrderedMapIterator,reset,5
ListOrderedMapIterator,setValue,6
ListOrderedMapIterator,toString,6
ListOrderedMap,asList,3
ListOrderedMap,clear,4
ListOrderedMap,entrySet,3
ListOrderedMap,firstKey,6
ListOrderedMap,get,3
ListOrderedMap,getValue,3
ListOrderedMap,indexOf,3
ListOrderedMap,keyList,3
ListOrderedMap,keySet,3
ListOrderedMap,lastKey,6
ListOrderedMap,listOrderedMap,3
ListOrderedMap,mapIterator,3
ListOrderedMap,nextKey,7
ListOrderedMap,previousKey,7
ListOrderedMap,put,21
ListOrderedMap,put,10
ListOrderedMap,putAll,19
ListOrderedMap,putAll,5
ListOrderedMap,readObject,4
ListOrderedMap,remove,3
ListOrderedMap,remove,8
ListOrderedMap,setValue,4
ListOrderedMap,toString,22
ListOrderedMap,valueList,3
ListOrderedMap,values,3
ListOrderedMap,writeObject,4
MultiKeyMap,checkKey,5
MultiKeyMap,clone,7
MultiKeyMap,containsKey,12
MultiKeyMap,containsKey,12
MultiKeyMap,containsKey,12
MultiKeyMap,containsKey,13
MultiKeyMap,decorated,3
MultiKeyMap,get,12
MultiKeyMap,get,12
MultiKeyMap,get,12
MultiKeyMap,get,12
MultiKeyMap,hash,14
MultiKeyMap,hash,17
MultiKeyMap,hash,20
MultiKeyMap,hash,23
MultiKeyMap,isEqualKey,8
MultiKeyMap,isEqualKey,9
MultiKeyMap,isEqualKey,10
MultiKeyMap,isEqualKey,11
MultiKeyMap,mapIterator,3
MultiKeyMap,multiKeyMap,9
MultiKeyMap,put,15
MultiKeyMap,put,15
MultiKeyMap,put,15
MultiKeyMap,put,15
MultiKeyMap,put,4
MultiKeyMap,putAll,6
MultiKeyMap,readObject,4
MultiKeyMap,removeAll,13
MultiKeyMap,removeAll,14
MultiKeyMap,removeAll,15
MultiKeyMap,removeAll,16
MultiKeyMap,removeMultiKey,16
MultiKeyMap,removeMultiKey,16
MultiKeyMap,removeMultiKey,16
MultiKeyMap,removeMultiKey,17
MultiKeyMap,writeObject,4
1,getKey,3
1,getValue,3
1,setValue,3
1,nextIterator,21
Values,clear,3
Values,iterator,7
Values,size,3
ValuesIterator,hasNext,3
ValuesIterator,next,3
ValuesIterator,remove,6
ReflectionFactory,create,7
ReflectionFactory,readObject,7
MultiValueMap,clear,11
MultiValueMap,containsValue,11
MultiValueMap,containsValue,7
MultiValueMap,createCollection,3
MultiValueMap,entrySet,3
MultiValueMap,getCollection,3
MultiValueMap,iterator,29
MultiValueMap,iterator,6
MultiValueMap,multiValueMap,3
MultiValueMap,multiValueMap,4
MultiValueMap,multiValueMap,4
MultiValueMap,put,16
MultiValueMap,putAll,19
MultiValueMap,putAll,11
MultiValueMap,readObject,4
MultiValueMap,removeMapping,14
MultiValueMap,size,7
MultiValueMap,totalSize,7
MultiValueMap,values,4
MultiValueMap,writeObject,4
ConstantTimeToLiveExpirationPolicy,expirationTime,17
PassiveExpiringMap,clear,4
PassiveExpiringMap,containsKey,4
PassiveExpiringMap,containsValue,4
PassiveExpiringMap,entrySet,4
PassiveExpiringMap,get,4
PassiveExpiringMap,isEmpty,4
PassiveExpiringMap,isExpired,7
PassiveExpiringMap,keySet,4
PassiveExpiringMap,now,3
PassiveExpiringMap,put,10
PassiveExpiringMap,putAll,5
PassiveExpiringMap,readObject,5
PassiveExpiringMap,remove,4
PassiveExpiringMap,removeAllExpired,12
PassiveExpiringMap,removeIfExpired,6
PassiveExpiringMap,size,4
PassiveExpiringMap,validateAndConvertToMillis,7
PassiveExpiringMap,values,4
PassiveExpiringMap,writeObject,5
PredicatedMap,checkSetValue,6
PredicatedMap,isSetValueChecking,3
PredicatedMap,predicatedMap,5
PredicatedMap,put,4
PredicatedMap,putAll,6
PredicatedMap,readObject,4
PredicatedMap,validate,8
PredicatedMap,writeObject,4
PredicatedSortedMap,comparator,3
PredicatedSortedMap,firstKey,3
PredicatedSortedMap,getSortedMap,3
PredicatedSortedMap,headMap,4
PredicatedSortedMap,lastKey,3
PredicatedSortedMap,predicatedSortedMap,4
PredicatedSortedMap,subMap,4
PredicatedSortedMap,tailMap,4
ReferenceIdentityMap,hash,3
ReferenceIdentityMap,hashEntry,4
ReferenceIdentityMap,isEqualKey,4
ReferenceIdentityMap,isEqualValue,3
ReferenceIdentityMap,readObject,4
ReferenceIdentityMap,writeObject,4
ReferenceMap,readObject,4
ReferenceMap,writeObject,4
SingletonMapIterator,getKey,6
SingletonMapIterator,getValue,6
SingletonMapIterator,hasNext,3
SingletonMapIterator,hasPrevious,3
SingletonMapIterator,next,8
SingletonMapIterator,previous,7
SingletonMapIterator,remove,3
SingletonMapIterator,reset,3
SingletonMapIterator,setValue,6
SingletonMapIterator,toString,6
SingletonValues,clear,3
SingletonValues,contains,3
SingletonValues,isEmpty,3
SingletonValues,iterator,3
SingletonValues,size,3
SingletonMap,clear,3
SingletonMap,clone,7
SingletonMap,containsKey,3
SingletonMap,containsValue,3
SingletonMap,entrySet,4
SingletonMap,equals,14
SingletonMap,firstKey,3
SingletonMap,get,6
SingletonMap,getKey,3
SingletonMap,getValue,3
SingletonMap,hashCode,4
SingletonMap,isEmpty,3
SingletonMap,isEqualKey,3
SingletonMap,isEqualValue,3
SingletonMap,isFull,3
SingletonMap,keySet,3
SingletonMap,lastKey,3
SingletonMap,mapIterator,3
SingletonMap,maxSize,3
SingletonMap,nextKey,3
SingletonMap,previousKey,3
SingletonMap,put,6
SingletonMap,putAll,14
SingletonMap,remove,3
SingletonMap,setValue,5
SingletonMap,size,3
SingletonMap,toString,9
SingletonMap,values,3
Node,equals,13
Node,getKey,3
Node,getValue,3
Node,hashCode,4
Node,setValue,5
BaseIterator,hasNext,19
BaseIterator,nextEntry,7
BaseIterator,remove,7
EntryIterator,next,3
ValueIterator,next,3
KeyIterator,next,3
EntrySet,clear,3
EntrySet,contains,12
EntrySet,iterator,3
EntrySet,remove,16
EntrySet,size,3
KeySet,clear,3
KeySet,contains,3
KeySet,iterator,3
KeySet,remove,13
KeySet,size,3
Values,clear,3
Values,iterator,3
Values,size,3
StaticBucketMap,atomic,6
StaticBucketMap,atomic,9
StaticBucketMap,clear,9
StaticBucketMap,containsKey,16
StaticBucketMap,containsValue,16
StaticBucketMap,entrySet,3
StaticBucketMap,equals,10
StaticBucketMap,get,16
StaticBucketMap,getHash,14
StaticBucketMap,hashCode,15
StaticBucketMap,isEmpty,3
StaticBucketMap,keySet,3
StaticBucketMap,put,38
StaticBucketMap,putAll,5
StaticBucketMap,remove,27
StaticBucketMap,size,10
StaticBucketMap,values,3
TransformedMap,checkSetValue,3
TransformedMap,isSetValueChecking,3
TransformedMap,put,5
TransformedMap,putAll,4
TransformedMap,readObject,4
TransformedMap,transformKey,6
TransformedMap,transformMap,11
TransformedMap,transformValue,6
TransformedMap,transformedMap,11
TransformedMap,transformingMap,5
TransformedMap,writeObject,4
TransformedSortedMap,comparator,3
TransformedSortedMap,firstKey,3
TransformedSortedMap,getSortedMap,3
TransformedSortedMap,headMap,4
TransformedSortedMap,lastKey,3
TransformedSortedMap,subMap,4
TransformedSortedMap,tailMap,4
TransformedSortedMap,transformedSortedMap,13
TransformedSortedMap,transformingSortedMap,5
UnmodifiableEntrySetIterator,next,3
UnmodifiableEntrySetIterator,remove,3
UnmodifiableEntry,setValue,3
UnmodifiableEntrySet,add,3
UnmodifiableEntrySet,addAll,3
UnmodifiableEntrySet,clear,3
UnmodifiableEntrySet,iterator,3
UnmodifiableEntrySet,remove,3
UnmodifiableEntrySet,removeAll,3
UnmodifiableEntrySet,removeIf,3
UnmodifiableEntrySet,retainAll,3
UnmodifiableEntrySet,toArray,7
UnmodifiableEntrySet,toArray,24
UnmodifiableEntrySet,unmodifiableEntrySet,6
UnmodifiableMap,clear,3
UnmodifiableMap,entrySet,4
UnmodifiableMap,keySet,4
UnmodifiableMap,mapIterator,8
UnmodifiableMap,put,3
UnmodifiableMap,putAll,3
UnmodifiableMap,readObject,4
UnmodifiableMap,remove,3
UnmodifiableMap,unmodifiableMap,8
UnmodifiableMap,values,4
UnmodifiableMap,writeObject,4
UnmodifiableOrderedMap,clear,3
UnmodifiableOrderedMap,entrySet,4
UnmodifiableOrderedMap,keySet,4
UnmodifiableOrderedMap,mapIterator,4
UnmodifiableOrderedMap,put,3
UnmodifiableOrderedMap,putAll,3
UnmodifiableOrderedMap,readObject,4
UnmodifiableOrderedMap,remove,3
UnmodifiableOrderedMap,unmodifiableOrderedMap,8
UnmodifiableOrderedMap,values,4
UnmodifiableOrderedMap,writeObject,4
UnmodifiableSortedMap,clear,3
UnmodifiableSortedMap,comparator,3
UnmodifiableSortedMap,entrySet,3
UnmodifiableSortedMap,firstKey,3
UnmodifiableSortedMap,headMap,3
UnmodifiableSortedMap,keySet,3
UnmodifiableSortedMap,lastKey,3
UnmodifiableSortedMap,put,3
UnmodifiableSortedMap,putAll,3
UnmodifiableSortedMap,readObject,4
UnmodifiableSortedMap,remove,3
UnmodifiableSortedMap,subMap,3
UnmodifiableSortedMap,tailMap,3
UnmodifiableSortedMap,unmodifiableSortedMap,8
UnmodifiableSortedMap,values,3
UnmodifiableSortedMap,writeObject,4
WrappedList,add,8
WrappedList,addAll,12
WrappedList,equals,11
WrappedList,get,4
WrappedList,getMapping,3
WrappedList,hashCode,4
WrappedList,indexOf,4
WrappedList,lastIndexOf,4
WrappedList,listIterator,3
WrappedList,listIterator,3
WrappedList,remove,8
WrappedList,set,4
WrappedList,subList,4
ValuesListIterator,add,9
ValuesListIterator,hasNext,3
ValuesListIterator,hasPrevious,3
ValuesListIterator,next,3
ValuesListIterator,nextIndex,3
ValuesListIterator,previous,3
ValuesListIterator,previousIndex,3
ValuesListIterator,remove,6
ValuesListIterator,set,3
AbstractListValuedMap,get,3
AbstractListValuedMap,getMap,3
AbstractListValuedMap,remove,3
AbstractListValuedMap,wrappedCollection,3
WrappedCollection,add,8
WrappedCollection,addAll,8
WrappedCollection,clear,7
WrappedCollection,contains,4
WrappedCollection,containsAll,4
WrappedCollection,getMapping,3
WrappedCollection,isEmpty,4
WrappedCollection,iterator,7
WrappedCollection,remove,12
WrappedCollection,removeAll,12
WrappedCollection,retainAll,12
WrappedCollection,size,4
WrappedCollection,toArray,7
WrappedCollection,toArray,7
WrappedCollection,toString,7
1,getCount,3
1,getElement,3
MapEntryTransformer,transform,13
KeysMultiSet,contains,3
KeysMultiSet,createEntrySetIterator,4
KeysMultiSet,getCount,8
KeysMultiSet,isEmpty,3
KeysMultiSet,size,3
KeysMultiSet,uniqueElements,3
1,nextIterator,8
EntryValues,iterator,17
EntryValues,size,3
MultiValuedMapEntry,setValue,3
MultiValuedMapIterator,getKey,6
MultiValuedMapIterator,getValue,6
MultiValuedMapIterator,hasNext,3
MultiValuedMapIterator,next,4
MultiValuedMapIterator,remove,3
MultiValuedMapIterator,setValue,6
Values,clear,3
Values,iterator,7
Values,size,3
ValuesIterator,hasNext,3
ValuesIterator,next,3
ValuesIterator,remove,6
AsMapEntrySet,clear,3
AsMapEntrySet,contains,3
AsMapEntrySet,iterator,3
AsMapEntrySet,remove,8
AsMapEntrySet,size,3
AsMapEntrySetIterator,next,5
AsMap,clear,3
AsMap,containsKey,3
AsMap,entrySet,3
AsMap,equals,3
AsMap,get,10
AsMap,hashCode,3
AsMap,keySet,3
AsMap,remove,11
AsMap,size,3
AsMap,toString,3
AbstractMultiValuedMap,asMap,3
AbstractMultiValuedMap,clear,3
AbstractMultiValuedMap,containsKey,3
AbstractMultiValuedMap,containsMapping,4
AbstractMultiValuedMap,containsValue,3
AbstractMultiValuedMap,doReadObject,16
AbstractMultiValuedMap,doWriteObject,10
AbstractMultiValuedMap,entries,3
AbstractMultiValuedMap,equals,9
AbstractMultiValuedMap,get,3
AbstractMultiValuedMap,getMap,3
AbstractMultiValuedMap,hashCode,3
AbstractMultiValuedMap,isEmpty,3
AbstractMultiValuedMap,keySet,3
AbstractMultiValuedMap,keys,6
AbstractMultiValuedMap,mapIterator,6
AbstractMultiValuedMap,put,12
AbstractMultiValuedMap,putAll,12
AbstractMultiValuedMap,putAll,10
AbstractMultiValuedMap,putAll,10
AbstractMultiValuedMap,remove,3
AbstractMultiValuedMap,removeMapping,11
AbstractMultiValuedMap,setMap,3
AbstractMultiValuedMap,size,11
AbstractMultiValuedMap,toString,3
AbstractMultiValuedMap,values,4
AbstractMultiValuedMap,wrappedCollection,3
AbstractMultiValuedMapDecorator,asMap,3
AbstractMultiValuedMapDecorator,clear,3
AbstractMultiValuedMapDecorator,containsKey,3
AbstractMultiValuedMapDecorator,containsMapping,3
AbstractMultiValuedMapDecorator,containsValue,3
AbstractMultiValuedMapDecorator,decorated,3
AbstractMultiValuedMapDecorator,entries,3
AbstractMultiValuedMapDecorator,equals,6
AbstractMultiValuedMapDecorator,get,3
AbstractMultiValuedMapDecorator,hashCode,3
AbstractMultiValuedMapDecorator,isEmpty,3
AbstractMultiValuedMapDecorator,keySet,3
AbstractMultiValuedMapDecorator,keys,3
AbstractMultiValuedMapDecorator,mapIterator,3
AbstractMultiValuedMapDecorator,put,3
AbstractMultiValuedMapDecorator,putAll,3
AbstractMultiValuedMapDecorator,putAll,3
AbstractMultiValuedMapDecorator,putAll,3
AbstractMultiValuedMapDecorator,remove,3
AbstractMultiValuedMapDecorator,removeMapping,3
AbstractMultiValuedMapDecorator,size,3
AbstractMultiValuedMapDecorator,toString,3
AbstractMultiValuedMapDecorator,values,3
WrappedSet,equals,11
WrappedSet,hashCode,4
AbstractSetValuedMap,get,3
AbstractSetValuedMap,getMap,3
AbstractSetValuedMap,remove,3
AbstractSetValuedMap,wrappedCollection,3
ArrayListValuedHashMap,createCollection,3
ArrayListValuedHashMap,readObject,5
ArrayListValuedHashMap,trimToSize,6
ArrayListValuedHashMap,writeObject,4
HashSetValuedHashMap,createCollection,3
HashSetValuedHashMap,readObject,5
HashSetValuedHashMap,writeObject,4
TransformedMultiValuedMap,put,3
TransformedMultiValuedMap,putAll,9
TransformedMultiValuedMap,putAll,10
TransformedMultiValuedMap,putAll,10
TransformedMultiValuedMap,transformKey,6
TransformedMultiValuedMap,transformValue,6
TransformedMultiValuedMap,transformedMap,12
TransformedMultiValuedMap,transformingMap,5
UnmodifiableMultiValuedMap,asMap,3
UnmodifiableMultiValuedMap,clear,3
UnmodifiableMultiValuedMap,entries,3
UnmodifiableMultiValuedMap,get,3
UnmodifiableMultiValuedMap,keySet,3
UnmodifiableMultiValuedMap,keys,3
UnmodifiableMultiValuedMap,mapIterator,3
UnmodifiableMultiValuedMap,put,3
UnmodifiableMultiValuedMap,putAll,3
UnmodifiableMultiValuedMap,putAll,3
UnmodifiableMultiValuedMap,putAll,3
UnmodifiableMultiValuedMap,remove,3
UnmodifiableMultiValuedMap,removeMapping,3
UnmodifiableMultiValuedMap,unmodifiableMultiValuedMap,7
UnmodifiableMultiValuedMap,values,3
MapBasedMultiSetIterator,hasNext,3
MapBasedMultiSetIterator,next,12
MapBasedMultiSetIterator,remove,16
MutableInteger,equals,6
MutableInteger,hashCode,3
UniqueSetIterator,next,5
UniqueSetIterator,remove,10
EntrySetIterator,hasNext,3
EntrySetIterator,next,5
EntrySetIterator,remove,8
MultiSetEntry,getCount,3
MultiSetEntry,getElement,3
AbstractMapMultiSet,add,19
AbstractMapMultiSet,clear,5
AbstractMapMultiSet,contains,3
AbstractMapMultiSet,createEntrySetIterator,3
AbstractMapMultiSet,createUniqueSetIterator,3
AbstractMapMultiSet,doReadObject,11
AbstractMapMultiSet,doWriteObject,7
AbstractMapMultiSet,equals,18
AbstractMapMultiSet,getCount,7
AbstractMapMultiSet,getMap,3
AbstractMapMultiSet,hashCode,9
AbstractMapMultiSet,isEmpty,3
AbstractMapMultiSet,iterator,3
AbstractMapMultiSet,remove,23
AbstractMapMultiSet,setMap,3
AbstractMapMultiSet,size,3
AbstractMapMultiSet,toArray,12
AbstractMapMultiSet,toArray,24
AbstractMapMultiSet,uniqueElements,3
MultiSetIterator,hasNext,3
MultiSetIterator,next,9
MultiSetIterator,remove,12
UniqueSet,clear,3
UniqueSet,contains,3
UniqueSet,containsAll,3
UniqueSet,iterator,3
UniqueSet,remove,3
UniqueSet,size,3
EntrySet,contains,8
EntrySet,iterator,3
EntrySet,remove,15
EntrySet,size,3
AbstractEntry,equals,12
AbstractEntry,hashCode,4
AbstractEntry,toString,3
AbstractMultiSet,add,4
AbstractMultiSet,add,3
AbstractMultiSet,clear,7
AbstractMultiSet,contains,3
AbstractMultiSet,createEntrySet,3
AbstractMultiSet,createUniqueSet,3
AbstractMultiSet,createUniqueSetIterator,4
AbstractMultiSet,doReadObject,10
AbstractMultiSet,doWriteObject,7
AbstractMultiSet,entrySet,6
AbstractMultiSet,equals,18
AbstractMultiSet,getCount,10
AbstractMultiSet,hashCode,3
AbstractMultiSet,iterator,3
AbstractMultiSet,remove,3
AbstractMultiSet,remove,3
AbstractMultiSet,removeAll,10
AbstractMultiSet,setCount,13
AbstractMultiSet,size,7
AbstractMultiSet,toString,3
AbstractMultiSet,uniqueSet,6
AbstractMultiSetDecorator,add,3
AbstractMultiSetDecorator,decorated,3
AbstractMultiSetDecorator,entrySet,3
AbstractMultiSetDecorator,equals,3
AbstractMultiSetDecorator,getCount,3
AbstractMultiSetDecorator,hashCode,3
AbstractMultiSetDecorator,remove,3
AbstractMultiSetDecorator,setCount,3
AbstractMultiSetDecorator,uniqueSet,3
HashMultiSet,readObject,5
HashMultiSet,writeObject,4
PredicatedMultiSet,add,4
PredicatedMultiSet,decorated,3
PredicatedMultiSet,entrySet,3
PredicatedMultiSet,equals,3
PredicatedMultiSet,getCount,3
PredicatedMultiSet,hashCode,3
PredicatedMultiSet,predicatedMultiSet,4
PredicatedMultiSet,remove,3
PredicatedMultiSet,setCount,4
PredicatedMultiSet,uniqueSet,3
SynchronizedMultiSet,add,5
SynchronizedMultiSet,decorated,3
SynchronizedMultiSet,entrySet,6
SynchronizedMultiSet,equals,8
SynchronizedMultiSet,getCount,5
SynchronizedMultiSet,hashCode,5
SynchronizedMultiSet,remove,5
SynchronizedMultiSet,setCount,5
SynchronizedMultiSet,synchronizedMultiSet,3
SynchronizedMultiSet,uniqueSet,6
UnmodifiableMultiSet,add,3
UnmodifiableMultiSet,add,3
UnmodifiableMultiSet,addAll,3
UnmodifiableMultiSet,clear,3
UnmodifiableMultiSet,entrySet,4
UnmodifiableMultiSet,iterator,3
UnmodifiableMultiSet,readObject,4
UnmodifiableMultiSet,remove,3
UnmodifiableMultiSet,remove,3
UnmodifiableMultiSet,removeAll,3
UnmodifiableMultiSet,removeIf,3
UnmodifiableMultiSet,retainAll,3
UnmodifiableMultiSet,setCount,3
UnmodifiableMultiSet,uniqueSet,4
UnmodifiableMultiSet,unmodifiableMultiSet,8
UnmodifiableMultiSet,writeObject,4
AbstractPropertiesFactory,load,5
AbstractPropertiesFactory,load,8
AbstractPropertiesFactory,load,5
AbstractPropertiesFactory,load,5
AbstractPropertiesFactory,load,5
AbstractPropertiesFactory,load,3
AbstractPropertiesFactory,load,5
AbstractPropertiesFactory,load,5
PropertiesFactory,createProperties,3
SortedProperties,keys,9
SortedPropertiesFactory,createProperties,3
AbstractQueueDecorator,decorated,3
AbstractQueueDecorator,element,3
AbstractQueueDecorator,offer,3
AbstractQueueDecorator,peek,3
AbstractQueueDecorator,poll,3
AbstractQueueDecorator,remove,3
1,hasNext,3
1,next,9
1,remove,35
CircularFifoQueue,add,21
CircularFifoQueue,clear,6
CircularFifoQueue,decrement,7
CircularFifoQueue,element,6
CircularFifoQueue,get,11
CircularFifoQueue,increment,7
CircularFifoQueue,isAtFullCapacity,3
CircularFifoQueue,isEmpty,3
CircularFifoQueue,isFull,3
CircularFifoQueue,iterator,62
CircularFifoQueue,maxSize,3
CircularFifoQueue,offer,3
CircularFifoQueue,peek,6
CircularFifoQueue,poll,6
CircularFifoQueue,readObject,15
CircularFifoQueue,remove,16
CircularFifoQueue,size,13
CircularFifoQueue,writeObject,7
PredicatedQueue,decorated,3
PredicatedQueue,element,3
PredicatedQueue,offer,4
PredicatedQueue,peek,3
PredicatedQueue,poll,3
PredicatedQueue,predicatedQueue,4
PredicatedQueue,remove,3
SynchronizedQueue,decorated,3
SynchronizedQueue,element,5
SynchronizedQueue,equals,8
SynchronizedQueue,hashCode,5
SynchronizedQueue,offer,5
SynchronizedQueue,peek,5
SynchronizedQueue,poll,5
SynchronizedQueue,remove,5
SynchronizedQueue,synchronizedQueue,3
TransformedQueue,element,3
TransformedQueue,getQueue,3
TransformedQueue,offer,3
TransformedQueue,peek,3
TransformedQueue,poll,3
TransformedQueue,remove,3
TransformedQueue,transformedQueue,14
TransformedQueue,transformingQueue,4
UnmodifiableQueue,add,3
UnmodifiableQueue,addAll,3
UnmodifiableQueue,clear,3
UnmodifiableQueue,iterator,3
UnmodifiableQueue,offer,3
UnmodifiableQueue,poll,3
UnmodifiableQueue,readObject,4
UnmodifiableQueue,remove,3
UnmodifiableQueue,remove,3
UnmodifiableQueue,removeAll,3
UnmodifiableQueue,removeIf,3
UnmodifiableQueue,retainAll,3
UnmodifiableQueue,unmodifiableQueue,8
UnmodifiableQueue,writeObject,4
DeleteCommand,accept,3
EditCommand,getObject,3
EditScript,append,4
EditScript,append,4
EditScript,append,4
EditScript,getLCSLength,3
EditScript,getModifications,3
EditScript,visit,5
InsertCommand,accept,3
KeepCommand,accept,3
ReplacementsFinder,visitDeleteCommand,3
ReplacementsFinder,visitInsertCommand,3
ReplacementsFinder,visitKeepCommand,10
Snake,getDiag,3
Snake,getEnd,3
Snake,getStart,3
SequencesComparator,buildScript,40
SequencesComparator,buildSnake,9
SequencesComparator,getMiddleSnake,72
SequencesComparator,getScript,5
AbstractNavigableSetDecorator,ceiling,3
AbstractNavigableSetDecorator,decorated,3
AbstractNavigableSetDecorator,descendingIterator,3
AbstractNavigableSetDecorator,descendingSet,3
AbstractNavigableSetDecorator,floor,3
AbstractNavigableSetDecorator,headSet,3
AbstractNavigableSetDecorator,higher,3
AbstractNavigableSetDecorator,lower,3
AbstractNavigableSetDecorator,pollFirst,3
AbstractNavigableSetDecorator,pollLast,3
AbstractNavigableSetDecorator,subSet,4
AbstractNavigableSetDecorator,tailSet,3
AbstractSerializableSetDecorator,readObject,4
AbstractSerializableSetDecorator,writeObject,4
AbstractSetDecorator,decorated,3
AbstractSetDecorator,equals,3
AbstractSetDecorator,hashCode,3
AbstractSortedSetDecorator,comparator,3
AbstractSortedSetDecorator,decorated,3
AbstractSortedSetDecorator,first,3
AbstractSortedSetDecorator,headSet,3
AbstractSortedSetDecorator,last,3
AbstractSortedSetDecorator,subSet,3
AbstractSortedSetDecorator,tailSet,3
CompositeSet,add,7
CompositeSet,addAll,7
CompositeSet,addComposited,19
CompositeSet,addComposited,4
CompositeSet,addComposited,7
CompositeSet,clear,5
CompositeSet,contains,8
CompositeSet,containsAll,11
CompositeSet,equals,7
CompositeSet,getMutator,3
CompositeSet,getSets,3
CompositeSet,hashCode,7
CompositeSet,isEmpty,8
CompositeSet,iterator,10
CompositeSet,remove,8
CompositeSet,removeAll,10
CompositeSet,removeComposited,3
CompositeSet,removeIf,10
CompositeSet,retainAll,7
CompositeSet,setMutator,3
CompositeSet,size,7
CompositeSet,toArray,8
CompositeSet,toArray,20
CompositeSet,toSet,3
OrderedSetIterator,hasPrevious,3
OrderedSetIterator,next,4
OrderedSetIterator,previous,4
OrderedSetIterator,remove,5
ListOrderedSet,add,6
ListOrderedSet,add,7
ListOrderedSet,addAll,19
ListOrderedSet,addAll,7
ListOrderedSet,asList,3
ListOrderedSet,clear,4
ListOrderedSet,get,3
ListOrderedSet,indexOf,3
ListOrderedSet,iterator,3
ListOrderedSet,listOrderedSet,9
ListOrderedSet,listOrderedSet,3
ListOrderedSet,listOrderedSet,12
ListOrderedSet,remove,5
ListOrderedSet,remove,7
ListOrderedSet,removeAll,7
ListOrderedSet,removeIf,10
ListOrderedSet,retainAll,12
ListOrderedSet,toArray,3
ListOrderedSet,toArray,3
ListOrderedSet,toString,3
MapBackedSet,add,5
MapBackedSet,addAll,7
MapBackedSet,clear,3
MapBackedSet,contains,3
MapBackedSet,containsAll,3
MapBackedSet,equals,3
MapBackedSet,hashCode,3
MapBackedSet,isEmpty,3
MapBackedSet,iterator,3
MapBackedSet,mapBackedSet,3
MapBackedSet,mapBackedSet,3
MapBackedSet,remove,5
MapBackedSet,removeAll,3
MapBackedSet,removeIf,3
MapBackedSet,retainAll,3
MapBackedSet,size,3
MapBackedSet,toArray,3
MapBackedSet,toArray,3
PredicatedNavigableSet,ceiling,3
PredicatedNavigableSet,decorated,3
PredicatedNavigableSet,descendingIterator,3
PredicatedNavigableSet,descendingSet,3
PredicatedNavigableSet,floor,3
PredicatedNavigableSet,headSet,4
PredicatedNavigableSet,higher,3
PredicatedNavigableSet,lower,3
PredicatedNavigableSet,pollFirst,3
PredicatedNavigableSet,pollLast,3
PredicatedNavigableSet,predicatedNavigableSet,4
PredicatedNavigableSet,subSet,5
PredicatedNavigableSet,tailSet,4
PredicatedSet,decorated,3
PredicatedSet,equals,3
PredicatedSet,hashCode,3
PredicatedSet,predicatedSet,3
PredicatedSortedSet,comparator,3
PredicatedSortedSet,decorated,3
PredicatedSortedSet,first,3
PredicatedSortedSet,headSet,4
PredicatedSortedSet,last,3
PredicatedSortedSet,predicatedSortedSet,4
PredicatedSortedSet,subSet,4
PredicatedSortedSet,tailSet,4
TransformedNavigableSet,ceiling,3
TransformedNavigableSet,decorated,3
TransformedNavigableSet,descendingIterator,3
TransformedNavigableSet,descendingSet,3
TransformedNavigableSet,floor,3
TransformedNavigableSet,headSet,4
TransformedNavigableSet,higher,3
TransformedNavigableSet,lower,3
TransformedNavigableSet,pollFirst,3
TransformedNavigableSet,pollLast,3
TransformedNavigableSet,subSet,5
TransformedNavigableSet,tailSet,4
TransformedNavigableSet,transformedNavigableSet,14
TransformedNavigableSet,transformingNavigableSet,4
TransformedSet,equals,3
TransformedSet,hashCode,3
TransformedSet,transformedSet,12
TransformedSet,transformingSet,4
TransformedSortedSet,comparator,3
TransformedSortedSet,first,3
TransformedSortedSet,getSortedSet,3
TransformedSortedSet,headSet,4
TransformedSortedSet,last,3
TransformedSortedSet,subSet,4
TransformedSortedSet,tailSet,4
TransformedSortedSet,transformedSortedSet,14
TransformedSortedSet,transformingSortedSet,4
UnmodifiableNavigableSet,add,3
UnmodifiableNavigableSet,addAll,3
UnmodifiableNavigableSet,clear,3
UnmodifiableNavigableSet,descendingIterator,3
UnmodifiableNavigableSet,descendingSet,3
UnmodifiableNavigableSet,headSet,4
UnmodifiableNavigableSet,headSet,4
UnmodifiableNavigableSet,iterator,3
UnmodifiableNavigableSet,readObject,4
UnmodifiableNavigableSet,remove,3
UnmodifiableNavigableSet,removeAll,3
UnmodifiableNavigableSet,removeIf,3
UnmodifiableNavigableSet,retainAll,3
UnmodifiableNavigableSet,subSet,5
UnmodifiableNavigableSet,subSet,4
UnmodifiableNavigableSet,tailSet,4
UnmodifiableNavigableSet,tailSet,4
UnmodifiableNavigableSet,unmodifiableNavigableSet,6
UnmodifiableNavigableSet,writeObject,4
UnmodifiableSet,add,3
UnmodifiableSet,addAll,3
UnmodifiableSet,clear,3
UnmodifiableSet,iterator,3
UnmodifiableSet,remove,3
UnmodifiableSet,removeAll,3
UnmodifiableSet,removeIf,3
UnmodifiableSet,retainAll,3
UnmodifiableSet,unmodifiableSet,8
UnmodifiableSortedSet,add,3
UnmodifiableSortedSet,addAll,3
UnmodifiableSortedSet,clear,3
UnmodifiableSortedSet,headSet,4
UnmodifiableSortedSet,iterator,3
UnmodifiableSortedSet,readObject,4
UnmodifiableSortedSet,remove,3
UnmodifiableSortedSet,removeAll,3
UnmodifiableSortedSet,removeIf,3
UnmodifiableSortedSet,retainAll,3
UnmodifiableSortedSet,subSet,4
UnmodifiableSortedSet,tailSet,4
UnmodifiableSortedSet,unmodifiableSortedSet,6
UnmodifiableSortedSet,writeObject,4
AbstractIterableGetMapDecorator,containsKey,3
AbstractIterableGetMapDecorator,containsValue,3
AbstractIterableGetMapDecorator,decorated,3
AbstractIterableGetMapDecorator,entrySet,3
AbstractIterableGetMapDecorator,equals,6
AbstractIterableGetMapDecorator,get,3
AbstractIterableGetMapDecorator,hashCode,3
AbstractIterableGetMapDecorator,isEmpty,3
AbstractIterableGetMapDecorator,keySet,3
AbstractIterableGetMapDecorator,mapIterator,3
AbstractIterableGetMapDecorator,remove,3
AbstractIterableGetMapDecorator,size,3
AbstractIterableGetMapDecorator,toString,3
AbstractIterableGetMapDecorator,values,3
TransformedSplitMap,checkSetValue,3
TransformedSplitMap,clear,3
TransformedSplitMap,put,3
TransformedSplitMap,putAll,3
TransformedSplitMap,readObject,4
TransformedSplitMap,transformKey,3
TransformedSplitMap,transformMap,11
TransformedSplitMap,transformValue,3
TransformedSplitMap,transformingMap,5
TransformedSplitMap,writeObject,4
StringKeyAnalyzer,bitIndex,56
StringKeyAnalyzer,bitsPerElement,3
StringKeyAnalyzer,isBitSet,10
StringKeyAnalyzer,isPrefix,10
StringKeyAnalyzer,lengthInBits,3
StringKeyAnalyzer,mask,3
BasicEntry,equals,14
BasicEntry,getKey,3
BasicEntry,getValue,3
BasicEntry,hashCode,4
BasicEntry,setKeyValue,4
BasicEntry,setValue,5
BasicEntry,toString,3
AbstractBitwiseTrie,bitIndex,3
AbstractBitwiseTrie,bitsPerElement,3
AbstractBitwiseTrie,castKey,3
AbstractBitwiseTrie,compare,3
AbstractBitwiseTrie,compareKeys,9
AbstractBitwiseTrie,getKeyAnalyzer,3
AbstractBitwiseTrie,isBitSet,6
AbstractBitwiseTrie,lengthInBits,7
AbstractBitwiseTrie,toString,9
Reference,get,3
Reference,set,3
TrieEntry,isEmpty,3
TrieEntry,isExternalNode,3
TrieEntry,isInternalNode,3
TrieEntry,toString,58
EntryIterator,next,3
EntrySet,clear,3
EntrySet,contains,8
EntrySet,iterator,3
EntrySet,remove,11
EntrySet,size,3
KeyIterator,next,3
KeySet,clear,3
KeySet,contains,3
KeySet,iterator,3
KeySet,remove,5
KeySet,size,3
ValueIterator,next,3
Values,clear,3
Values,contains,3
Values,iterator,3
Values,remove,10
Values,size,3
TrieIterator,findNext,3
TrieIterator,hasNext,3
TrieIterator,nextEntry,14
TrieIterator,remove,15
TrieMapIterator,getKey,6
TrieMapIterator,getValue,6
TrieMapIterator,hasPrevious,3
TrieMapIterator,next,3
TrieMapIterator,nextEntry,5
TrieMapIterator,previous,3
TrieMapIterator,previousEntry,15
TrieMapIterator,setValue,6
RangeMap,comparator,3
RangeMap,containsKey,7
RangeMap,entrySet,6
RangeMap,get,7
RangeMap,headMap,6
RangeMap,inFromRange,10
RangeMap,inRange,6
RangeMap,inRange2,6
RangeMap,inToRange,10
RangeMap,put,6
RangeMap,remove,7
RangeMap,subMap,11
RangeMap,tailMap,6
RangeEntryMap,createEntrySet,3
RangeEntryMap,createRangeMap,4
RangeEntryMap,firstKey,18
RangeEntryMap,getFromKey,3
RangeEntryMap,getToKey,3
RangeEntryMap,isFromInclusive,3
RangeEntryMap,isToInclusive,3
RangeEntryMap,lastKey,18
EntryIterator,hasNext,3
EntryIterator,next,6
RangeEntrySet,contains,14
RangeEntrySet,isEmpty,3
RangeEntrySet,iterator,18
RangeEntrySet,remove,18
RangeEntrySet,size,12
PrefixRangeMap,clear,9
PrefixRangeMap,createEntrySet,3
PrefixRangeMap,createRangeMap,4
PrefixRangeMap,firstKey,17
PrefixRangeMap,fixup,37
PrefixRangeMap,getFromKey,3
PrefixRangeMap,getToKey,3
PrefixRangeMap,inFromRange,3
PrefixRangeMap,inRange,3
PrefixRangeMap,inRange2,3
PrefixRangeMap,inToRange,3
PrefixRangeMap,isFromInclusive,3
PrefixRangeMap,isToInclusive,3
PrefixRangeMap,lastKey,17
SingletonIterator,hasNext,3
SingletonIterator,next,8
SingletonIterator,remove,8
EntryIterator,findNext,3
EntryIterator,next,7
EntryIterator,remove,24
PrefixRangeEntrySet,iterator,15
PrefixRangeEntrySet,size,3
AbstractPatriciaTrie,addEntry,44
AbstractPatriciaTrie,ceilingEntry,54
AbstractPatriciaTrie,clear,13
AbstractPatriciaTrie,comparator,3
AbstractPatriciaTrie,containsKey,10
AbstractPatriciaTrie,decrementSize,4
AbstractPatriciaTrie,entrySet,6
AbstractPatriciaTrie,firstEntry,8
AbstractPatriciaTrie,firstKey,6
AbstractPatriciaTrie,floorEntry,39
AbstractPatriciaTrie,followLeft,15
AbstractPatriciaTrie,followRight,13
AbstractPatriciaTrie,get,4
AbstractPatriciaTrie,getEntry,10
AbstractPatriciaTrie,getNearestEntryForKey,16
AbstractPatriciaTrie,getPrefixMapByBits,14
AbstractPatriciaTrie,headMap,3
AbstractPatriciaTrie,higherEntry,48
AbstractPatriciaTrie,incrementModCount,3
AbstractPatriciaTrie,incrementSize,4
AbstractPatriciaTrie,isValidUplink,3
AbstractPatriciaTrie,keySet,6
AbstractPatriciaTrie,lastEntry,3
AbstractPatriciaTrie,lastKey,7
AbstractPatriciaTrie,lowerEntry,47
AbstractPatriciaTrie,mapIterator,3
AbstractPatriciaTrie,nextEntry,6
AbstractPatriciaTrie,nextEntryImpl,88
AbstractPatriciaTrie,nextEntryInSubtree,7
AbstractPatriciaTrie,nextKey,11
AbstractPatriciaTrie,prefixMap,3
AbstractPatriciaTrie,previousEntry,32
AbstractPatriciaTrie,previousKey,11
AbstractPatriciaTrie,put,61
AbstractPatriciaTrie,readObject,10
AbstractPatriciaTrie,remove,26
AbstractPatriciaTrie,removeEntry,12
AbstractPatriciaTrie,removeExternalEntry,24
AbstractPatriciaTrie,removeInternalEntry,74
AbstractPatriciaTrie,select,8
AbstractPatriciaTrie,selectKey,7
AbstractPatriciaTrie,selectR,26
AbstractPatriciaTrie,selectValue,7
AbstractPatriciaTrie,size,3
AbstractPatriciaTrie,subMap,3
AbstractPatriciaTrie,subtree,51
AbstractPatriciaTrie,tailMap,3
AbstractPatriciaTrie,values,6
AbstractPatriciaTrie,writeObject,8
KeyAnalyzer,compare,9
KeyAnalyzer,isEqualBitKey,3
KeyAnalyzer,isNullBitKey,3
KeyAnalyzer,isOutOfBoundsIndex,3
KeyAnalyzer,isValidBitIndex,3
UnmodifiableTrie,clear,3
UnmodifiableTrie,comparator,3
UnmodifiableTrie,containsKey,3
UnmodifiableTrie,containsValue,3
UnmodifiableTrie,entrySet,3
UnmodifiableTrie,equals,3
UnmodifiableTrie,firstKey,3
UnmodifiableTrie,get,3
UnmodifiableTrie,hashCode,3
UnmodifiableTrie,headMap,3
UnmodifiableTrie,isEmpty,3
UnmodifiableTrie,keySet,3
UnmodifiableTrie,lastKey,3
UnmodifiableTrie,mapIterator,4
UnmodifiableTrie,nextKey,3
UnmodifiableTrie,prefixMap,3
UnmodifiableTrie,previousKey,3
UnmodifiableTrie,put,3
UnmodifiableTrie,putAll,3
UnmodifiableTrie,remove,3
UnmodifiableTrie,size,3
UnmodifiableTrie,subMap,3
UnmodifiableTrie,tailMap,3
UnmodifiableTrie,toString,3
UnmodifiableTrie,unmodifiableTrie,8
UnmodifiableTrie,values,3
ArrayStack,empty,3
ArrayStack,peek,7
ArrayStack,peek,7
ArrayStack,pop,7
ArrayStack,push,4
ArrayStack,search,14
ArrayUtils,contains,3
ArrayUtils,indexOf,3
ArrayUtils,indexOf,22
BagUtils,collectionBag,3
BagUtils,emptyBag,3
BagUtils,emptySortedBag,3
BagUtils,predicatedBag,3
BagUtils,predicatedSortedBag,4
BagUtils,synchronizedBag,3
BagUtils,synchronizedSortedBag,3
BagUtils,transformingBag,3
BagUtils,transformingSortedBag,4
BagUtils,unmodifiableBag,3
BagUtils,unmodifiableSortedBag,3
ClosureUtils,asClosure,3
ClosureUtils,chainedClosure,3
ClosureUtils,chainedClosure,3
ClosureUtils,doWhileClosure,4
ClosureUtils,exceptionClosure,3
ClosureUtils,forClosure,3
ClosureUtils,ifClosure,4
ClosureUtils,ifClosure,5
ClosureUtils,invokerClosure,4
ClosureUtils,invokerClosure,5
ClosureUtils,nopClosure,3
ClosureUtils,switchClosure,3
ClosureUtils,switchClosure,4
ClosureUtils,switchClosure,5
ClosureUtils,switchMapClosure,16
ClosureUtils,whileClosure,3
CardinalityHelper,freqA,3
CardinalityHelper,freqB,3
CardinalityHelper,getFreq,7
CardinalityHelper,max,3
CardinalityHelper,min,3
SetOperationCardinalityHelper,iterator,3
SetOperationCardinalityHelper,list,3
SetOperationCardinalityHelper,setCardinality,5
EquatorWrapper,equals,8
EquatorWrapper,getObject,3
EquatorWrapper,hashCode,3
CollectionUtils,addAll,6
CollectionUtils,addAll,7
CollectionUtils,addAll,7
CollectionUtils,addAll,7
CollectionUtils,addIgnoreNull,6
CollectionUtils,cardinality,6
CollectionUtils,checkIndexBounds,5
CollectionUtils,collate,4
CollectionUtils,collate,5
CollectionUtils,collate,4
CollectionUtils,collate,32
CollectionUtils,collect,6
CollectionUtils,collect,7
CollectionUtils,collect,4
CollectionUtils,collect,11
CollectionUtils,containsAll,27
CollectionUtils,containsAny,16
CollectionUtils,containsAny,16
CollectionUtils,countMatches,3
CollectionUtils,disjunction,7
CollectionUtils,emptyCollection,3
CollectionUtils,emptyIfNull,3
CollectionUtils,exists,3
CollectionUtils,extractSingleton,9
CollectionUtils,filter,12
CollectionUtils,filterInverse,3
CollectionUtils,find,3
CollectionUtils,forAllButLastDo,4
CollectionUtils,forAllButLastDo,3
CollectionUtils,forAllDo,6
CollectionUtils,forAllDo,6
CollectionUtils,get,3
CollectionUtils,get,30
CollectionUtils,get,3
CollectionUtils,get,4
CollectionUtils,getCardinalityMap,12
CollectionUtils,intersection,7
CollectionUtils,isEmpty,3
CollectionUtils,isEqualCollection,15
CollectionUtils,isEqualCollection,16
CollectionUtils,isFull,15
CollectionUtils,isNotEmpty,3
CollectionUtils,isProperSubCollection,3
CollectionUtils,isSubCollection,9
CollectionUtils,matchesAll,3
CollectionUtils,maxSize,15
CollectionUtils,permutations,8
CollectionUtils,predicatedCollection,4
CollectionUtils,removeAll,17
CollectionUtils,removeAll,3
CollectionUtils,removeCount,29
CollectionUtils,removeRange,12
CollectionUtils,retainAll,17
CollectionUtils,retainAll,3
CollectionUtils,reverseArray,13
CollectionUtils,select,6
CollectionUtils,select,12
CollectionUtils,select,14
CollectionUtils,selectRejected,6
CollectionUtils,selectRejected,12
CollectionUtils,size,30
CollectionUtils,sizeIsEmpty,23
CollectionUtils,subtract,4
CollectionUtils,subtract,17
CollectionUtils,synchronizedCollection,3
CollectionUtils,transform,16
CollectionUtils,transformingCollection,4
CollectionUtils,union,7
CollectionUtils,unmodifiableCollection,3
ComparatorUtils,booleanComparator,3
ComparatorUtils,chainedComparator,5
ComparatorUtils,chainedComparator,10
ComparatorUtils,max,7
ComparatorUtils,min,7
ComparatorUtils,naturalComparator,3
ComparatorUtils,nullHighComparator,6
ComparatorUtils,nullLowComparator,6
ComparatorUtils,reversedComparator,3
ComparatorUtils,transformedComparator,8
EnumerationUtils,get,12
EnumerationUtils,toList,3
EnumerationUtils,toList,7
FactoryUtils,constantFactory,3
FactoryUtils,exceptionFactory,3
FactoryUtils,instantiateFactory,3
FactoryUtils,instantiateFactory,4
FactoryUtils,nullFactory,3
FactoryUtils,prototypeFactory,3
FluentIterable,allMatch,3
FluentIterable,anyMatch,3
FluentIterable,append,3
FluentIterable,append,3
FluentIterable,asEnumeration,3
FluentIterable,collate,3
FluentIterable,collate,4
FluentIterable,contains,3
FluentIterable,copyInto,6
FluentIterable,empty,3
FluentIterable,eval,3
FluentIterable,filter,3
FluentIterable,forEach,3
FluentIterable,get,3
FluentIterable,isEmpty,3
FluentIterable,iterator,3
FluentIterable,limit,3
FluentIterable,loop,3
FluentIterable,of,7
FluentIterable,of,3
FluentIterable,of,3
FluentIterable,reverse,3
FluentIterable,size,3
FluentIterable,skip,3
FluentIterable,toArray,3
FluentIterable,toList,3
FluentIterable,toString,3
FluentIterable,transform,3
FluentIterable,unique,3
FluentIterable,unmodifiable,3
FluentIterable,zip,3
FluentIterable,zip,3
1,iterator,3
1,nextIterator,6
2,iterator,11
3,iterator,3
4,iterator,3
5,iterator,3
6,iterator,3
1,nextIterator,6
7,iterator,11
8,iterator,6
9,iterator,3
10,iterator,3
11,iterator,3
UnmodifiableIterable,iterator,3
12,iterator,3
13,iterator,10
IterableUtils,boundedIterable,13
IterableUtils,chainedIterable,4
IterableUtils,chainedIterable,5
IterableUtils,chainedIterable,6
IterableUtils,chainedIterable,17
IterableUtils,checkNotNull,5
IterableUtils,checkNotNull,8
IterableUtils,collatedIterable,10
IterableUtils,collatedIterable,11
IterableUtils,contains,6
IterableUtils,contains,7
IterableUtils,countMatches,6
IterableUtils,emptyIfNull,3
IterableUtils,emptyIterable,3
IterableUtils,emptyIteratorIfNull,3
IterableUtils,filteredIterable,13
IterableUtils,find,3
IterableUtils,first,3
IterableUtils,forEach,3
IterableUtils,forEachButLast,3
IterableUtils,frequency,9
IterableUtils,get,7
IterableUtils,indexOf,3
IterableUtils,isEmpty,6
IterableUtils,loopingIterable,17
IterableUtils,matchesAll,3
IterableUtils,matchesAny,3
IterableUtils,partition,56
IterableUtils,partition,11
IterableUtils,partition,7
IterableUtils,reversedIterable,12
IterableUtils,size,6
IterableUtils,skippingIterable,13
IterableUtils,toList,3
IterableUtils,toString,3
IterableUtils,toString,7
IterableUtils,toString,8
IterableUtils,transformedIterable,13
IterableUtils,uniqueIterable,9
IterableUtils,unmodifiableIterable,7
IterableUtils,zippingIterable,11
IterableUtils,zippingIterable,18
IteratorUtils,arrayIterator,3
IteratorUtils,arrayIterator,3
IteratorUtils,arrayIterator,3
IteratorUtils,arrayIterator,3
IteratorUtils,arrayIterator,3
IteratorUtils,arrayIterator,3
IteratorUtils,arrayListIterator,3
IteratorUtils,arrayListIterator,3
IteratorUtils,arrayListIterator,3
IteratorUtils,arrayListIterator,3
IteratorUtils,arrayListIterator,3
IteratorUtils,arrayListIterator,3
IteratorUtils,asEnumeration,6
IteratorUtils,asIterable,6
IteratorUtils,asIterator,6
IteratorUtils,asIterator,10
IteratorUtils,asMultipleUseIterable,6
IteratorUtils,boundedIterator,3
IteratorUtils,boundedIterator,4
IteratorUtils,chainedIterator,3
IteratorUtils,chainedIterator,6
IteratorUtils,chainedIterator,3
IteratorUtils,collatedIterator,7
IteratorUtils,collatedIterator,8
IteratorUtils,collatedIterator,7
IteratorUtils,contains,3
IteratorUtils,emptyIterator,3
IteratorUtils,emptyListIterator,3
IteratorUtils,emptyMapIterator,3
IteratorUtils,emptyOrderedIterator,3
IteratorUtils,emptyOrderedMapIterator,3
IteratorUtils,filteredIterator,10
IteratorUtils,filteredListIterator,11
IteratorUtils,find,15
IteratorUtils,first,3
IteratorUtils,forEach,12
IteratorUtils,forEachButLast,16
IteratorUtils,get,12
IteratorUtils,getIterator,49
IteratorUtils,indexOf,15
IteratorUtils,isEmpty,3
IteratorUtils,loopingIterator,6
IteratorUtils,loopingListIterator,6
IteratorUtils,matchesAll,15
IteratorUtils,matchesAny,3
IteratorUtils,nodeListIterator,6
IteratorUtils,nodeListIterator,6
IteratorUtils,objectGraphIterator,4
IteratorUtils,peekingIterator,3
IteratorUtils,pushbackIterator,3
IteratorUtils,singletonIterator,3
IteratorUtils,singletonListIterator,3
IteratorUtils,size,10
IteratorUtils,skippingIterator,3
IteratorUtils,toArray,7
IteratorUtils,toArray,12
IteratorUtils,toList,3
IteratorUtils,toList,13
IteratorUtils,toListIterator,6
IteratorUtils,toString,5
IteratorUtils,toString,5
IteratorUtils,toString,31
IteratorUtils,transformedIterator,11
IteratorUtils,unmodifiableIterator,3
IteratorUtils,unmodifiableListIterator,3
IteratorUtils,unmodifiableMapIterator,3
IteratorUtils,zippingIterator,4
IteratorUtils,zippingIterator,5
IteratorUtils,zippingIterator,3
LcsVisitor,getSubSequence,3
LcsVisitor,visitDeleteCommand,1
LcsVisitor,visitInsertCommand,1
LcsVisitor,visitKeepCommand,3
CharSequenceAsList,get,3
CharSequenceAsList,size,3
Partition,get,13
Partition,isEmpty,3
Partition,size,3
ListUtils,defaultIfNull,3
ListUtils,emptyIfNull,3
ListUtils,fixedSizeList,3
ListUtils,hashCodeForList,13
ListUtils,indexOf,11
ListUtils,intersection,20
ListUtils,isEqualList,24
ListUtils,lazyList,3
ListUtils,lazyList,3
ListUtils,longestCommonSubsequence,11
ListUtils,longestCommonSubsequence,3
ListUtils,longestCommonSubsequence,15
ListUtils,partition,9
ListUtils,predicatedList,3
ListUtils,removeAll,9
ListUtils,retainAll,10
ListUtils,select,4
ListUtils,selectRejected,4
ListUtils,subtract,10
ListUtils,sum,3
ListUtils,synchronizedList,3
ListUtils,transformedList,4
ListUtils,union,6
ListUtils,unmodifiableList,3
MapUtils,applyDefaultFunction,4
MapUtils,applyDefaultFunction,9
MapUtils,applyDefaultValue,5
MapUtils,debugPrint,3
MapUtils,emptyIfNull,3
MapUtils,fixedSizeMap,3
MapUtils,fixedSizeSortedMap,3
MapUtils,getBoolean,18
MapUtils,getBoolean,3
MapUtils,getBoolean,4
MapUtils,getBooleanValue,3
MapUtils,getBooleanValue,3
MapUtils,getBooleanValue,4
MapUtils,getByte,10
MapUtils,getByte,3
MapUtils,getByte,3
MapUtils,getByteValue,3
MapUtils,getByteValue,3
MapUtils,getByteValue,4
MapUtils,getDouble,10
MapUtils,getDouble,3
MapUtils,getDouble,4
MapUtils,getDoubleValue,3
MapUtils,getDoubleValue,3
MapUtils,getDoubleValue,4
MapUtils,getFloat,10
MapUtils,getFloat,3
MapUtils,getFloat,4
MapUtils,getFloatValue,3
MapUtils,getFloatValue,3
MapUtils,getFloatValue,4
MapUtils,getIntValue,3
MapUtils,getIntValue,3
MapUtils,getIntValue,4
MapUtils,getInteger,10
MapUtils,getInteger,3
MapUtils,getInteger,4
MapUtils,getLong,10
MapUtils,getLong,3
MapUtils,getLong,3
MapUtils,getLongValue,3
MapUtils,getLongValue,4
MapUtils,getLongValue,3
MapUtils,getMap,9
MapUtils,getMap,3
MapUtils,getMap,4
MapUtils,getNumber,19
MapUtils,getNumber,3
MapUtils,getNumber,4
MapUtils,getObject,6
MapUtils,getObject,9
MapUtils,getShort,10
MapUtils,getShort,3
MapUtils,getShort,4
MapUtils,getShortValue,3
MapUtils,getShortValue,4
MapUtils,getShortValue,3
MapUtils,getString,9
MapUtils,getString,3
MapUtils,getString,4
MapUtils,invertMap,7
MapUtils,isEmpty,3
MapUtils,isNotEmpty,3
MapUtils,iterableMap,7
MapUtils,iterableSortedMap,8
MapUtils,lazyMap,3
MapUtils,lazyMap,4
MapUtils,lazySortedMap,3
MapUtils,lazySortedMap,4
MapUtils,multiValueMap,3
MapUtils,multiValueMap,4
MapUtils,multiValueMap,4
MapUtils,orderedMap,3
MapUtils,populateMap,4
MapUtils,populateMap,8
MapUtils,populateMap,4
MapUtils,populateMap,8
MapUtils,predicatedMap,4
MapUtils,predicatedSortedMap,4
MapUtils,printIndent,5
MapUtils,putAll,37
MapUtils,safeAddToMap,4
MapUtils,size,3
MapUtils,synchronizedMap,3
MapUtils,synchronizedSortedMap,3
MapUtils,toMap,12
MapUtils,toProperties,12
MapUtils,transformedMap,5
MapUtils,transformedSortedMap,5
MapUtils,unmodifiableMap,3
MapUtils,unmodifiableSortedMap,3
MapUtils,verbosePrint,3
MapUtils,verbosePrintInternal,55
MultiMapUtils,emptyIfNull,3
MultiMapUtils,emptyMultiValuedMap,3
MultiMapUtils,getCollection,6
MultiMapUtils,getValuesAsBag,10
MultiMapUtils,getValuesAsList,10
MultiMapUtils,getValuesAsSet,10
MultiMapUtils,isEmpty,3
MultiMapUtils,newListValuedHashMap,3
MultiMapUtils,newSetValuedHashMap,3
MultiMapUtils,transformedMultiValuedMap,5
MultiMapUtils,unmodifiableMultiValuedMap,4
MultiSetUtils,emptyMultiSet,3
MultiSetUtils,predicatedMultiSet,4
MultiSetUtils,synchronizedMultiSet,3
MultiSetUtils,unmodifiableMultiSet,3
PredicateUtils,allPredicate,3
PredicateUtils,allPredicate,3
PredicateUtils,andPredicate,4
PredicateUtils,anyPredicate,3
PredicateUtils,anyPredicate,3
PredicateUtils,asPredicate,3
PredicateUtils,eitherPredicate,6
PredicateUtils,equalPredicate,3
PredicateUtils,exceptionPredicate,3
PredicateUtils,falsePredicate,3
PredicateUtils,identityPredicate,3
PredicateUtils,instanceofPredicate,3
PredicateUtils,invokerPredicate,4
PredicateUtils,invokerPredicate,5
PredicateUtils,neitherPredicate,6
PredicateUtils,nonePredicate,3
PredicateUtils,nonePredicate,3
PredicateUtils,notNullPredicate,3
PredicateUtils,notPredicate,3
PredicateUtils,nullIsExceptionPredicate,3
PredicateUtils,nullIsFalsePredicate,3
PredicateUtils,nullIsTruePredicate,3
PredicateUtils,nullPredicate,3
PredicateUtils,onePredicate,3
PredicateUtils,onePredicate,3
PredicateUtils,orPredicate,4
PredicateUtils,transformedPredicate,4
PredicateUtils,truePredicate,3
PredicateUtils,uniquePredicate,4
QueueUtils,emptyQueue,3
QueueUtils,predicatedQueue,3
QueueUtils,synchronizedQueue,3
QueueUtils,transformingQueue,4
QueueUtils,unmodifiableQueue,3
SetView,copyInto,3
SetView,iterator,3
SetView,size,3
SetView,toSet,5
1,contains,3
1,createIterator,3
2,contains,3
2,createIterator,3
2,isEmpty,3
2,size,3
3,contains,3
3,createIterator,3
4,contains,3
4,createIterator,3
4,isEmpty,3
4,size,3
SetUtils,difference,19
SetUtils,disjunction,30
SetUtils,emptyIfNull,3
SetUtils,emptySet,3
SetUtils,emptySortedSet,3
SetUtils,hashCodeForSet,13
SetUtils,hashSet,6
SetUtils,intersection,19
SetUtils,isEqualSet,10
SetUtils,newIdentityHashSet,3
SetUtils,orderedSet,3
SetUtils,predicatedNavigableSet,4
SetUtils,predicatedSet,3
SetUtils,predicatedSortedSet,4
SetUtils,synchronizedSet,3
SetUtils,synchronizedSortedSet,3
SetUtils,transformedNavigableSet,4
SetUtils,transformedSet,4
SetUtils,transformedSortedSet,4
SetUtils,union,29
SetUtils,unmodifiableNavigableSet,3
SetUtils,unmodifiableSet,6
SetUtils,unmodifiableSet,3
SetUtils,unmodifiableSortedSet,3
WrappedGet,clear,3
WrappedGet,containsKey,3
WrappedGet,containsValue,3
WrappedGet,entrySet,3
WrappedGet,equals,6
WrappedGet,get,3
WrappedGet,hashCode,3
WrappedGet,isEmpty,3
WrappedGet,keySet,3
WrappedGet,mapIterator,9
WrappedGet,put,3
WrappedGet,putAll,3
WrappedGet,remove,3
WrappedGet,size,3
WrappedGet,values,3
WrappedPut,clear,3
WrappedPut,containsKey,3
WrappedPut,containsValue,3
WrappedPut,entrySet,3
WrappedPut,equals,6
WrappedPut,get,3
WrappedPut,hashCode,3
WrappedPut,isEmpty,3
WrappedPut,keySet,3
WrappedPut,put,3
WrappedPut,putAll,3
WrappedPut,remove,3
WrappedPut,size,3
WrappedPut,values,3
SplitMapUtils,readableMap,11
SplitMapUtils,writableMap,9
TransformerUtils,asTransformer,3
TransformerUtils,asTransformer,3
TransformerUtils,asTransformer,3
TransformerUtils,chainedTransformer,4
TransformerUtils,chainedTransformer,4
TransformerUtils,cloneTransformer,3
TransformerUtils,constantTransformer,3
TransformerUtils,exceptionTransformer,3
TransformerUtils,ifTransformer,4
TransformerUtils,ifTransformer,5
TransformerUtils,instantiateTransformer,3
TransformerUtils,instantiateTransformer,4
TransformerUtils,invokerTransformer,3
TransformerUtils,invokerTransformer,4
TransformerUtils,mapTransformer,3
TransformerUtils,nopTransformer,3
TransformerUtils,nullTransformer,3
TransformerUtils,stringValueTransformer,3
TransformerUtils,switchMapTransformer,17
TransformerUtils,switchTransformer,4
TransformerUtils,switchTransformer,6
TransformerUtils,switchTransformer,4
TransformerUtils,switchTransformer,5
TrieUtils,unmodifiableTrie,3
